MFR URL,Ref URL 1,Ref URL 2,Ref URL 3,Ref URL 4,Ref URL 5,PART_NUMBER,Dept,Class,Fine,SKU - MY_PART_NUMBER,Mfg_Part_Num,Part_Desc,E1_Brand,Unilog_Brand,DIB_Brand,Part_Manuf,MANUFACTURER_NAME,BRAND_NAME,TRADE_NAME,MANUFACTURER_PART_NUMBER,ALTERNATE_PART_NUMBER,Classpath,MOBILE_DESC,INVOICE_DESC,SHORT_DESC,LONG_DESC1,RETAIL_DESC,MARKETING_DESCRIPTION,ITEM_FEATURES_1,ITEM_FEATURES_2,ITEM_FEATURES_3,ITEM_FEATURES_4,ITEM_FEATURES_5,ITEM_FEATURES_6,ITEM_FEATURES_7,ITEM_FEATURES_8,ITEM_FEATURES_9,ITEM_FEATURES_10,ITEM_FEATURES_11,ITEM_FEATURES_12,ITEM_FEATURES_13,ITEM_FEATURES_14,ITEM_FEATURES_15,ITEM_FEATURES_16,ITEM_FEATURES_17,ITEM_FEATURES_18,ITEM_FEATURES_19,ITEM_FEATURES_20,With,Standard/Approvals,Prop 65,Application,Includes,Product Name,ATTRIBUTE_LABEL 1,ATTRIBUTE_VALUE 1,ATTRIBUTE_UOM 1,ATTRIBUTE_LABEL 2,ATTRIBUTE_VALUE 2,ATTRIBUTE_UOM 2,ATTRIBUTE_LABEL 3,ATTRIBUTE_VALUE 3,ATTRIBUTE_UOM 3,ATTRIBUTE_LABEL 4,ATTRIBUTE_VALUE 4,ATTRIBUTE_UOM 4,ATTRIBUTE_LABEL 5,ATTRIBUTE_VALUE 5,ATTRIBUTE_UOM 5,ATTRIBUTE_LABEL 6,ATTRIBUTE_VALUE 6,ATTRIBUTE_UOM 6,ATTRIBUTE_LABEL 7,ATTRIBUTE_VALUE 7,ATTRIBUTE_UOM 7,ATTRIBUTE_LABEL 8,ATTRIBUTE_VALUE 8,ATTRIBUTE_UOM 8,ATTRIBUTE_LABEL 9,ATTRIBUTE_VALUE 9,ATTRIBUTE_UOM 9,ATTRIBUTE_LABEL 10,ATTRIBUTE_VALUE 10,ATTRIBUTE_UOM 10,ATTRIBUTE_LABEL 11,ATTRIBUTE_VALUE 11,ATTRIBUTE_UOM 11,ATTRIBUTE_LABEL 12,ATTRIBUTE_VALUE 12,ATTRIBUTE_UOM 12,ATTRIBUTE_LABEL 13,ATTRIBUTE_VALUE 13,ATTRIBUTE_UOM 13,ATTRIBUTE_LABEL 14,ATTRIBUTE_VALUE 14,ATTRIBUTE_UOM 14,ATTRIBUTE_LABEL 15,ATTRIBUTE_VALUE 15,ATTRIBUTE_UOM 15,ATTRIBUTE_LABEL 16,ATTRIBUTE_VALUE 16,ATTRIBUTE_UOM 16,ATTRIBUTE_LABEL 17,ATTRIBUTE_VALUE 17,ATTRIBUTE_UOM 17,ATTRIBUTE_LABEL 18,ATTRIBUTE_VALUE 18,ATTRIBUTE_UOM 18,ATTRIBUTE_LABEL 19,ATTRIBUTE_VALUE 19,ATTRIBUTE_UOM 19,ATTRIBUTE_LABEL 20,ATTRIBUTE_VALUE 20,ATTRIBUTE_UOM 20,ATTRIBUTE_LABEL 21,ATTRIBUTE_VALUE 21,ATTRIBUTE_UOM 21,ATTRIBUTE_LABEL 22,ATTRIBUTE_VALUE 22,ATTRIBUTE_UOM 22,ATTRIBUTE_LABEL 23,ATTRIBUTE_VALUE 23,ATTRIBUTE_UOM 23,ATTRIBUTE_LABEL 24,ATTRIBUTE_VALUE 24,ATTRIBUTE_UOM 24,ATTRIBUTE_LABEL 25,ATTRIBUTE_VALUE 25,ATTRIBUTE_UOM 25,ATTRIBUTE_LABEL 26,ATTRIBUTE_VALUE 26,ATTRIBUTE_UOM 26,ATTRIBUTE_LABEL 27,ATTRIBUTE_VALUE 27,ATTRIBUTE_UOM 27,ATTRIBUTE_LABEL 28,ATTRIBUTE_VALUE 28,ATTRIBUTE_UOM 28,ATTRIBUTE_LABEL 29,ATTRIBUTE_VALUE 29,ATTRIBUTE_UOM 29,ATTRIBUTE_LABEL 30,ATTRIBUTE_VALUE 30,ATTRIBUTE_UOM 30,ATTRIBUTE_LABEL 31,ATTRIBUTE_VALUE 31,ATTRIBUTE_UOM 31,ATTRIBUTE_LABEL 32,ATTRIBUTE_VALUE 32,ATTRIBUTE_UOM 32,ATTRIBUTE_LABEL 33,ATTRIBUTE_VALUE 33,ATTRIBUTE_UOM 33,ATTRIBUTE_LABEL 34,ATTRIBUTE_VALUE 34,ATTRIBUTE_UOM 34,ATTRIBUTE_LABEL 35,ATTRIBUTE_VALUE 35,ATTRIBUTE_UOM 35,ATTRIBUTE_LABEL 36,ATTRIBUTE_VALUE 36,ATTRIBUTE_UOM 36,ATTRIBUTE_LABEL 37,ATTRIBUTE_VALUE 37,ATTRIBUTE_UOM 37,ATTRIBUTE_LABEL 38,ATTRIBUTE_VALUE 38,ATTRIBUTE_UOM 38,ATTRIBUTE_LABEL 39,ATTRIBUTE_VALUE 39,ATTRIBUTE_UOM 39,ATTRIBUTE_LABEL 40,ATTRIBUTE_VALUE 40,ATTRIBUTE_UOM 40,ATTRIBUTE_LABEL 41,ATTRIBUTE_VALUE 41,ATTRIBUTE_UOM 41,ATTRIBUTE_LABEL 42,ATTRIBUTE_VALUE 42,ATTRIBUTE_UOM 42,ATTRIBUTE_LABEL 43,ATTRIBUTE_VALUE 43,ATTRIBUTE_UOM 43,ATTRIBUTE_LABEL 44,ATTRIBUTE_VALUE 44,ATTRIBUTE_UOM 44,ATTRIBUTE_LABEL 45,ATTRIBUTE_VALUE 45,ATTRIBUTE_UOM 45,ATTRIBUTE_LABEL 46,ATTRIBUTE_VALUE 46,ATTRIBUTE_UOM 46,ATTRIBUTE_LABEL 47,ATTRIBUTE_VALUE 47,ATTRIBUTE_UOM 47,ATTRIBUTE_LABEL 48,ATTRIBUTE_VALUE 48,ATTRIBUTE_UOM 48,ATTRIBUTE_LABEL 49,ATTRIBUTE_VALUE 49,ATTRIBUTE_UOM 49,ATTRIBUTE_LABEL 50,ATTRIBUTE_VALUE 50,ATTRIBUTE_UOM 50,UPC,EAN,GTIN,UNSPSC,Warranty,List Price,Selling Qty,Selling UOM,Standard Packaging Information,LENGTH,LENGTH_UOM,HEIGHT,HEIGHT_UOM,WIDTH,WIDTH_UOM,WEIGHT,WEIGHT_UOM,VOLUME,VOLUME_UOM,Product Image,Alternate Image 1,Alternate Image 2,Alternate Image 3,Alternate Image 4,SDS,SDS_1,Warranty Information,Catalog,Specification Sheet,Instruction/Installation Manual,Service Manual,Owners/User Manual,Line Drawing,MTR,RoHS,Full Engineering Drawing,Energy Star Guide,Technical Bulletin,Submittal,Compatibility Chart,Size Chart,Product Label/Insert,Video Link,Video Link 1,Country Of Origin,Discontinued,Actual Image (Yes/No)
https://diablotools.com/products/DCB518ASTS06G,,,,,,SL-579432EC1F16,,,,DCB518ASTS06G,DCB518ASTS06G,"DCB518ASTS06G Diablo 1/2""x18"" - Sanding Belt 6pc",,,,Freud Inc (2435),Freud Inc (2435),Freud Inc (2435),,DCB518ASTS06G,,,"Diablo DCB518ASTS06G Sanding Belt, 1/2 in W, 18 in L","Diablo DCB518ASTS06G Sanding Belt, 1/2 in W, 18 in L, 50, 80, 120 Grit","DCB518ASTS06G Diablo 1/2""x18"" - Sanding Belt 6pc","Freud/Diablo DCB518ASTS06G Assorted Pack includes: (2) 50-Grit/Coarse grit sanding belts for surface leveling and heavy stock/paint removal, (2) 80-Grit/Medium grit sanding belts for moderate stock removal, and (2) 120-Grit/Fine grit sanding belts for final sanding Premium aluminum oxide blend for fast material removal and extra-long sanding life","Featuring a premium aluminum oxide blend, these belts remove material faster than other sanding belts and offer an extra-long sanding life.","Designed for moderate and heavy-duty sanding tasks in all your construction projects, delivering professional-grade results every time.",Built with a premium aluminum oxide blend that removes material faster and offers an extra-long sanding life.,Product type: Sanding Belt,Designed for moderate and heavy-duty sanding tasks in construction projects.,Diablo product line,,,,,,,,,"Includes specific belt grit ratings of 50-Grit (Coarse), 80-Grit (Medium), and 120-Grit (Fine).",Delivers professional-grade results for detail file sanding applications.,Equipped with a stearate coating to enhance sanding efficiency.,,,,,,,,,moderate and heavy-duty sanding tasks in all your construction projects,"(2) 50-Grit/Coarse grit sanding belts for surface leveling and heavy stock/paint removal, (2) 80-Grit/Medium grit sanding belts for moderate stock removal, and (2) 120-Grit/Fine grit sanding belts for final sanding","DCB518ASTS06G Diablo 1/2""x18"" - Sanding Belt 6pc",Width,1/2,in,Length,18,in,Grit,"50, 80, 120",,Grit Grade,"Coarse, Fine, Medium",,Abrasive Material,Zirconium,,Package Quantity,6,,,,,,,,,,,,,,,,,,,,,,,,,,,,,,,,,,,,,,,,,,,,,,,,,,,,,,,,,,,,,,,,,,,,,,,,,,,,,,,,,,,,,,,,,,,,,,,,,,,,,,,,,,,,,,,,,,,,,,,,,,,,,,,,,,,,,,,,,,,,,,,18,,,,1/2,,,,,,https://www.bitsdrill.com/wp-content/uploads/2026/3/1773692883/diablo-dcb518asts06g-1-2-in-x-18-in-detail-file-sanding-belt-assorted-pack-6-pack-1773692888.webp,,,,,,,,,https://www.analog.com/media/en/technical-documentation/data-sheets/24351fc.pdf,,,,,,,,,,,,,,,,,,Yes
,,,,,,SL-8F7CD373AB64,,,,3MABR-7100075678,3MABR-7100075678,3M 775L Stikit Film P150 - Cubitron II 50 Disc/Box,,,,Jam Industrial Supply LLC (JAMIN),Jam Industrial Supply LLC (JAMIN),Jam Industrial Supply LLC (JAMIN),,3MABR-7100075678,,,"Jam Industrial Supply LLC (JAMIN) Jam Industrial Supply LLC (JAMIN), 3M 775L Sti",JAM INDUSTRIAL SUPPLY LLC (JAMIN) 3M 775,"3M 775L Stikit Film P150 Cubitron II abrasive discs, supplied as 50 discs per box.","3M 775L Stikit Film P150 Cubitron II abrasive discs, supplied as 50 discs per box.","3M 775L Stikit Film P150 Cubitron II abrasive discs, supplied as 50 discs per box.","3M 775L Stikit Film P150 Cubitron II abrasive discs, supplied as 50 discs per box.",,,,,,,,,,,,,,,,,,,,,,,,,,3M 775L Stikit Film P150 - Cubitron II 50 Disc/Box,,,,,,,,,,,,,,,,,,,,,,,,,,,,,,,,,,,,,,,,,,,,,,,,,,,,,,,,,,,,,,,,,,,,,,,,,,,,,,,,,,,,,,,,,,,,,,,,,,,,,,,,,,,,,,,,,,,,,,,,,,,,,,,,,,,,,,,,,,,,,,,,,,,,,,,,,,,,,,,,,,,,,,,,,,https://assets.testequity.com/te1/product-images/medium/3m-31180_7100075678_dv_webxl.jpg,,,,,,,,,https://cobic-ex.com/wp-content/uploads/2024/02/Sammode-Jamin-Datasheet.pdf,,,,,,,,,,,,,,,,,,Yes
,,,,,,SL-E4885D00F81A,,,,3MABR-7100045865,3MABR-7100045865,3M 775L Stikit Film P120 - Cubitron II 50 Disc/Box,,,,Jam Industrial Supply LLC (JAMIN),Jam Industrial Supply LLC (JAMIN),Jam Industrial Supply LLC (JAMIN),,3MABR-7100045865,,,"Jam Industrial Supply LLC (JAMIN) Jam Industrial Supply LLC (JAMIN), 3M 775L Sti",JAM INDUSTRIAL SUPPLY LLC (JAMIN) 3M 775,3M 775L Stikit Film P120 - Cubitron II 50 Disc/Box.,3M 775L Stikit Film P120 - Cubitron II 50 Disc/Box.,3M 775L Stikit Film P120 - Cubitron II 50 Disc/Box.,3M 775L Stikit Film P120 - Cubitron II 50 Disc/Box.,3M 775L Stikit film backing,P120 grit specification,Utilizes Cubitron II abrasive technology,Packaged with 50 discs per box,Manufacturer part number 3MABR-7100045865,,,,,,Part manufacturer designated as Jam Industrial Supply LLC (JAMIN),,775L series product designation,,,,,,,,,,,,,3M 775L Stikit Film P120 - Cubitron II 50 Disc/Box,Grit Grade,P120,,Abrasive Material,Cubitron II,,Package Quantity,50,Disc/Box,Series,775L,,Attachment Type,Stikit,,Backing Material,Film,,,,,,,,,,,,,,,,,,,,,,,,,,,,,,,,,,,,,,,,,,,,,,,,,,,,,,,,,,,,,,,,,,,,,,,,,,,,,,,,,,,,,,,,,,,,,,,,,,,,,,,,,,,,,,,,,,,,,,,,,,,,,,,,,,,,,,,,,,,,,,,,,,,,,,,,,https://cdn11.bigcommerce.com/s-mzpq4daxph/images/stencil/1280x1280/products/373224/723198/7100045865__59567.1690890554.jpg?c=2,,,,,,,,,https://www.solarelectricsupply.com/media/sparsh/product_attachment/JAM54S31_380-405_Data_Sheet_compressed.pdf,,,,,,,,,,,,,,,,,,Yes
,,,,,,SL-6A17EA5DE363,,,,3MABR-7100048736,3MABR-7100048736,3M 775L Stikit Film P80 - Cubitron II 50 Disc/Box,,,,Jam Industrial Supply LLC (JAMIN),Jam Industrial Supply LLC (JAMIN),Jam Industrial Supply LLC (JAMIN),,3MABR-7100048736,,,"Jam Industrial Supply LLC (JAMIN) Jam Industrial Supply LLC (JAMIN), 3M 775L Sti",3M 775L Stikit Film P80 Cubitron II 50/Box,"3M 775L Stikit Film P80 Cubitron II abrasive discs, supplied 50 discs per box.","3M 775L Stikit Film P80 Cubitron II abrasive discs, supplied 50 discs per box.","3M 775L Stikit Film P80 Cubitron II abrasive discs, supplied 50 discs per box.","3M 775L Stikit Film P80 Cubitron II abrasive discs, supplied 50 discs per box.",,Features Cubitron II abrasive grain technology,Stikit film backing,50 discs per box,3M 775L series disc,,,,,,,Manufacturer Part Number: 3MABR-7100048736,,,,,,,,,,,,,,3M 775L Stikit Film P80 - Cubitron II 50 Disc/Box,Package Quantity,50,Disc/Box,Backing Material,Film,,,,,,,,,,,,,,,,,,,,,,,,,,,,,,,,,,,,,,,,,,,,,,,,,,,,,,,,,,,,,,,,,,,,,,,,,,,,,,,,,,,,,,,,,,,,,,,,,,,,,,,,,,,,,,,,,,,,,,,,,,,,,,,,,,,,,,,,,,,,,,,,,,,,,,,,,,,,,,,,,,,,,https://www.jamindustrialsupply.com/wp-content/uploads/2019/11/jp-majors-jam-industrial-supply.jpg,,,,,,,,,https://assets.testequity.com/te1/Documents/pdf/3m/3M_7100048736_Safety-Data-Sheet.pdf,,,,,,,,,,,,,,,,,,Yes
,,,,,,SL-137952A28C96,,,,3MABR-7100075690,3MABR-7100075690,3M 775L Stikit Film P180 - Cubitron II 50 Disc/Box,,,,Jam Industrial Supply LLC (JAMIN),Jam Industrial Supply LLC (JAMIN),Jam Industrial Supply LLC (JAMIN),,3MABR-7100075690,,,"Jam Industrial Supply LLC (JAMIN) Jam Industrial Supply LLC (JAMIN), 3M 775L Sti",JAM INDUSTRIAL SUPPLY LLC (JAMIN) 3M 775,3M 775L Stikit Film P180 - Cubitron II (50 Disc/Box).,3M 775L Stikit Film P180 - Cubitron II (50 Disc/Box).,3M 775L Stikit Film P180 - Cubitron II (50 Disc/Box).,3M 775L Stikit Film P180 - Cubitron II (50 Disc/Box).,3M 775L series film abrasive disc,Stikit film backing system,P180 grit rating,Cubitron II abrasive technology,Package quantity of 50 discs per box,,,,,,Manufacturer part number 3MABR-7100075690,Manufactured/supplied by Jam Industrial Supply LLC,,,,,,,,,,,,,,3M 775L Stikit Film P180 - Cubitron II 50 Disc/Box,Series,775L,,Attachment Type,Stikit,,Backing Material,Film,,Grit,P180,,Product Line,Cubitron II,,Package Quantity,50,Disc/Box,,,,,,,,,,,,,,,,,,,,,,,,,,,,,,,,,,,,,,,,,,,,,,,,,,,,,,,,,,,,,,,,,,,,,,,,,,,,,,,,,,,,,,,,,,,,,,,,,,,,,,,,,,,,,,,,,,,,,,,,,,,,,,,,,,,,,,,,,,,,,,,,,,,,,,,,https://lightingsupply.com/cdn/shop/files/3m-cubitron-ii-stikit-film-disc-775l-5-in-x-nh_dc33dfa9-9db6-4a15-a893-02506379c7e3_1200x879.jpg?v=1693364893,,,,,,,,,https://susacdn.azureedge.net/specsheets/3M/7000145569.pdf,,,,,,,,,,,,,,,,,,Yes
,,,,,,SL-973BD7B29454,,,,DCB520ASTS08G,DCB520ASTS08G,"DCB520ASTS08G Diablo 1/2""x24"" - Sanding Belt 8pc P80 Grit",,,,Freud Inc (2435),Freud Inc (2435),Freud Inc (2435),,DCB520ASTS08G,,,"Freud Inc (2435) Freud Inc (2435), DCB520ASTS08G Diablo 1/2""x24"" - Sanding Belt",FREUD INC (2435) DCB520ASTS08G DIABLO 1/,"DCB520ASTS08G Diablo 1/2""x24"" - Sanding Belt 8pc P80 Grit","DCB520ASTS08G Diablo 1/2""x24"" - Sanding Belt 8pc P80 Grit","DCB520ASTS08G Diablo 1/2""x24"" - Sanding Belt 8pc P80 Grit","DCB520ASTS08G Diablo 1/2""x24"" - Sanding Belt 8pc P80 Grit",,,,,,,,,,,,,,,,,,,,,,,,,,"DCB520ASTS08G Diablo 1/2""x24"" - Sanding Belt 8pc P80 Grit",Grit,P80,,,,,,,,,,,,,,,,,,,,,,,,,,,,,,,,,,,,,,,,,,,,,,,,,,,,,,,,,,,,,,,,,,,,,,,,,,,,,,,,,,,,,,,,,,,,,,,,,,,,,,,,,,,,,,,,,,,,,,,,,,,,,,,,,,,,,,,,,,,,,,,,,,,,,,,,,,,,,,,,,,,,,,,,https://images.familyhardware.com/products/LU5C1270.png,,,,,,,,,,,,,,,,,,,,,,,,,,,Yes
,,,,,,SL-37681E4F490F,,,,3MABR-7100075692,3MABR-7100075692,3M 775L Stikit Film P220 - Cubitron II 50 Disc/Box,,,,Jam Industrial Supply LLC (JAMIN),Jam Industrial Supply LLC (JAMIN),Jam Industrial Supply LLC (JAMIN),,3MABR-7100075692,,,"Jam Industrial Supply LLC (JAMIN) Jam Industrial Supply LLC (JAMIN), 3M 775L Sti",JAM INDUSTRIAL SUPPLY LLC (JAMIN) 3M 775,"3M 775L Stikit Film P220 Cubitron II, packaged 50 discs per box.","3M 775L Stikit Film P220 Cubitron II, packaged 50 discs per box.","3M 775L Stikit Film P220 Cubitron II, packaged 50 discs per box.","3M 775L Stikit Film P220 Cubitron II, packaged 50 discs per box.",Features 3M Cubitron II abrasive technology,P220 grit rating,50 discs per box package quantity,Stikit film backing design,3M 775L series disc model,,,,,,,,,,,,,,,,,,,,,3M 775L Stikit Film P220 - Cubitron II 50 Disc/Box,Grit Grade,P220,,Backing Material,Film,,Package Quantity,50,Disc/Box,,,,,,,,,,,,,,,,,,,,,,,,,,,,,,,,,,,,,,,,,,,,,,,,,,,,,,,,,,,,,,,,,,,,,,,,,,,,,,,,,,,,,,,,,,,,,,,,,,,,,,,,,,,,,,,,,,,,,,,,,,,,,,,,,,,,,,,,,,,,,,,,,,,,,,,,,,,,,,,,,https://assets.testequity.com/te1/product-images/medium/3m-31180_7100075692_dv_webxl.jpg,,,,,,,,,https://cobic-ex.com/wp-content/uploads/2024/02/Sammode-Jamin-Datasheet.pdf,,,,,,,,,,,,,,,,,,Yes
,,,,,,SL-113997426EB6,,,,3MABR-7100075700,3MABR-7100075700,3M 775L Stikit Film P240 - Cubitron II 50 Disc/Box,,,,Jam Industrial Supply LLC (JAMIN),Jam Industrial Supply LLC (JAMIN),Jam Industrial Supply LLC (JAMIN),,3MABR-7100075700,,,"Jam Industrial Supply LLC (JAMIN) Jam Industrial Supply LLC (JAMIN), 3M 775L Sti",JAM INDUSTRIAL SUPPLY LLC (JAMIN) 3M 775,3M 775L Stikit Film P240 - Cubitron II 50 Disc/Box,3M 775L Stikit Film P240 - Cubitron II 50 Disc/Box,3M 775L Stikit Film P240 - Cubitron II 50 Disc/Box,3M 775L Stikit Film P240 - Cubitron II 50 Disc/Box,,,,,,,,,,,,,,,,,,,,,,,,,,3M 775L Stikit Film P240 - Cubitron II 50 Disc/Box,,,,,,,,,,,,,,,,,,,,,,,,,,,,,,,,,,,,,,,,,,,,,,,,,,,,,,,,,,,,,,,,,,,,,,,,,,,,,,,,,,,,,,,,,,,,,,,,,,,,,,,,,,,,,,,,,,,,,,,,,,,,,,,,,,,,,,,,,,,,,,,,,,,,,,,,,,,,,,,,,,,,,,,,,,https://www.jamindustrialsupply.com/wp-content/uploads/2025/05/3m_finesse_it_robotic_paint_repair_system_61-768x530.jpg,,,,,,,,,https://cobic-ex.com/wp-content/uploads/2024/02/Sammode-Jamin-Datasheet.pdf,,,,,,,,,,,,,,,,,,Yes
,,,,,,SL-E0E7D2560F41,,,,GF87397,GF87397,WIRE NUT RED 22-8AWG,nan,Permatex Corp,,,nan,nan,,GF87397,,,"nan nan Professional WIRE NUT RED 22-8AWG, Model GF87397",NAN WIRE NUT RED 22-8AWG GF87397,Permatex Corp red wire nut connector designed for 22-8 AWG wire range.,Permatex Corp red wire nut connector designed for 22-8 AWG wire range.,Permatex Corp red wire nut connector designed for 22-8 AWG wire range.,Permatex Corp red wire nut connector designed for 22-8 AWG wire range.,,Accommodates 22-8 AWG wire sizes,Wire nut connector design,Manufactured by Permatex Corp,,,,,,,,,,,,,,,,,,,,,,WIRE NUT RED 22-8AWG,Wire Size Range,22-8,AWG,,,,,,,,,,,,,,,,,,,,,,,,,,,,,,,,,,,,,,,,,,,,,,,,,,,,,,,,,,,,,,,,,,,,,,,,,,,,,,,,,,,,,,,,,,,,,,,,,,,,,,,,,,,,,,,,,,,,,,,,,,,,,,,,,,,,,,,,,,,,,,,,,,,,,,,,,,,,,,,,,,,,,,,https://www.industrial-supply-center.com/wp-content/uploads/2024/09/21/NEW-KEYENCE-OP-87397-CABLE-0P87397-191557010705.jpg,,,,,,,,,http://pragatiplastics.com/docs/Virgin%20PTFE.pdf,,,,,,,,,,,,,,,,,,Yes
,,,,,,SL-36359A0C18A7,,,,3MABR-7100145365,3MABR-7100145365,3M 775L Stikit Film P320 - Cubitron II 50 Disc/Box,,,,Jam Industrial Supply LLC (JAMIN),Jam Industrial Supply LLC (JAMIN),Jam Industrial Supply LLC (JAMIN),,3MABR-7100145365,,,"Jam Industrial Supply LLC (JAMIN) Jam Industrial Supply LLC (JAMIN), 3M 775L Sti",JAM INDUSTRIAL SUPPLY LLC (JAMIN) 3M 775,3M 775L Stikit Film P320 - Cubitron II 50 Disc/Box,3M 775L Stikit Film P320 - Cubitron II 50 Disc/Box,3M 775L Stikit Film P320 - Cubitron II 50 Disc/Box,3M 775L Stikit Film P320 - Cubitron II 50 Disc/Box,Cubitron II abrasive technology,P320 grit grade,Stikit film backing,775L series disc,Packaged 50 discs per box,,,,,,,Manufacturer part number 3MABR-7100145365,Manufactured by Jam Industrial Supply LLC,,,,,,,,,,,,,3M 775L Stikit Film P320 - Cubitron II 50 Disc/Box,Grit Grade,P320,,Package Quantity,50,Disc/Box,,,,,,,,,,,,,,,,,,,,,,,,,,,,,,,,,,,,,,,,,,,,,,,,,,,,,,,,,,,,,,,,,,,,,,,,,,,,,,,,,,,,,,,,,,,,,,,,,,,,,,,,,,,,,,,,,,,,,,,,,,,,,,,,,,,,,,,,,,,,,,,,,,,,,,,,,,,,,,,,,,,,https://multimedia.3m.com/mws/media/1050295J/3m-stikit-paper-disc-735u-with-tab-6-in-x-nh-p80-c-weight.jpg?width=1200,,,,,,,,,https://assets.testequity.com/te1/Documents/pdf/3m/3M_7100145365_Safety-Data-Sheet.pdf,,,,,,,,,,,,,,,,,,Yes
,,,,,,SL-DBEB27B502D0,,,,5B-332-150,5B-332-150,"5B-332-150 HIOLIT 5"" P150 Hook-and-Loop Sanding Disc",,,,Mirka Abrasives Inc (MIRUS),Mirka Abrasives Inc (MIRUS),Mirka Abrasives Inc (MIRUS),,5B-332-150,,,"Mirka Abrasives Inc (MIRUS) Mirka Abrasives Inc (MIRUS), 5B-332-150 HIOLIT 5"" P1",MIRKA ABRASIVES INC (MIRUS) 5B-332-150 H,"5B-332-150 HIOLIT 5"" P150 Hook-and-Loop Sanding Disc","5B-332-150 HIOLIT 5"" P150 Hook-and-Loop Sanding Disc","5B-332-150 HIOLIT 5"" P150 Hook-and-Loop Sanding Disc","5B-332-150 HIOLIT 5"" P150 Hook-and-Loop Sanding Disc",,,,,Manufactured by Mirka Abrasives Inc,,,,,,,,,,,,,,,,,,,,,"5B-332-150 HIOLIT 5"" P150 Hook-and-Loop Sanding Disc",,,,,,,,,,,,,,,,,,,,,,,,,,,,,,,,,,,,,,,,,,,,,,,,,,,,,,,,,,,,,,,,,,,,,,,,,,,,,,,,,,,,,,,,,,,,,,,,,,,,,,,,,,,,,,,,,,,,,,,,,,,,,,,,,,,,,,,,,,,,,,,,,,,,,,,,,,,,,,,,,,,,,,,,,,https://www.acmetools.com/on/demandware.static/-/Sites-acme-catalog-m-en/default/dwe7acbc85/images/images/catalog/product/842028003218/mirka-gold-5-in-psa-disc-p150-23-332-150.jpg,,,,,,,,,https://cms.mirka.com/globalassets/msc/pdf/mirka-product-catalog-2022-low-res.pdf,,,,,,,,,,,,,,,,,,Yes
,,,,,,SL-1C02C3463CF6,,,,5B-332-080,5B-332-080,"5B-332-080 HIOLIT 5"" P80",,,,Mirka Abrasives Inc (MIRUS),Mirka Abrasives Inc (MIRUS),Mirka Abrasives Inc (MIRUS),,5B-332-080,,,"Mirka Abrasives Inc (MIRUS) Mirka Abrasives Inc (MIRUS), 5B-332-080 HIOLIT 5"" P8",MIRKA ABRASIVES INC (MIRUS) 5B-332-080 H,"5B-332-080 HIOLIT 5"" P80","5B-332-080 HIOLIT 5"" P80","5B-332-080 HIOLIT 5"" P80","5B-332-080 HIOLIT 5"" P80",,,HIOLIT series abrasive,,,,,,,,,,,,,,,,,,,,,,,"5B-332-080 HIOLIT 5"" P80",Series,HIOLIT,,,,,,,,,,,,,,,,,,,,,,,,,,,,,,,,,,,,,,,,,,,,,,,,,,,,,,,,,,,,,,,,,,,,,,,,,,,,,,,,,,,,,,,,,,,,,,,,,,,,,,,,,,,,,,,,,,,,,,,,,,,,,,,,,,,,,,,,,,,,,,,,,,,,,,,,,,,,,,,,,,,,,,,,https://cdn11.bigcommerce.com/s-z0plx67muj/products/157370/images/326693/MIRKA_40332080__06027.1703786790.386.513.jpg?c=1,,,,,,,,,,,,,,,,,,,,,,,,,,,Yes
,,,,,,SL-DC74AF750BD3,,,,AL354597,AL354597,duct tape foil 2inx50yd,EATON CORP,nan,,Eaton Corporation,Eaton Corporation,Eaton Corporation,,AL354597,,,"Eaton Corporation Eaton Corporation, duct tape foil 2inx50yd, AL354597",EATON CORPORATION DUCT TAPE FOIL 2INX50Y,duct tape foil 2inx50yd,duct tape foil 2inx50yd,duct tape foil 2inx50yd,duct tape foil 2inx50yd,Foil duct tape construction,2 inches wide by 50 yards long,Manufactured by Eaton Corporation,,,,,,,,Manufacturer Part Number: AL354597,,,,,,,,,,,,,,,duct tape foil 2inx50yd,,,,,,,,,,,,,,,,,,,,,,,,,,,,,,,,,,,,,,,,,,,,,,,,,,,,,,,,,,,,,,,,,,,,,,,,,,,,,,,,,,,,,,,,,,,,,,,,,,,,,,,,,,,,,,,,,,,,,,,,,,,,,,,,,,,,,,,,,,,,,,,,,,,,,,,,,,,,,,,,50,,,,2,,,,,,https://ce8dc832c.cloudimg.io/cdn/n/n@90870568798d8b8f99c3a65c62adf11e075b961c/_cs_/2023/06/6490580648f93/2000x1200.jpg,,,,,,,,,https://www.manualslib.com/manual/2890887/Eaton-C440-Xtoe.html,,,,,,,,,,,,,,,,,,Yes
,,,,,,SL-139988036A40,,,,GRF-CR15-3,GRF-CR15-3,"Grundfos CR 15-3 Vertical Multistage Centrifugal Pump, 15 m3/h, Stainless Steel",Grundfos,,,Grundfos Pumps Corp (GRND),Grundfos Pumps Corp (GRND),Grundfos Pumps Corp (GRND),,GRF-CR15-3,,,"Grundfos Pumps Corp (GRND) Grundfos Pumps Corp (GRND), Grundfos CR 15-3 Vertical",GRUNDFOS PUMPS CORP (GRND) GRUNDFOS CR 1,"Grundfos CR 15-3 Vertical Multistage Centrifugal Pump, 15 m3/h, Stainless Steel","Grundfos CR 15-3 Vertical Multistage Centrifugal Pump, 15 m3/h, Stainless Steel","Grundfos CR 15-3 Vertical Multistage Centrifugal Pump, 15 m3/h, Stainless Steel","Grundfos CR 15-3 Vertical Multistage Centrifugal Pump, 15 m3/h, Stainless Steel",Vertical multistage centrifugal pump design,15 m3/h flow rate capacity,Stainless steel construction,Manufactured by Grundfos Pumps Corp,Grundfos CR 15-3 model series,,,,,,,,,,,,,,,,,,,,,"Grundfos CR 15-3 Vertical Multistage Centrifugal Pump, 15 m3/h, Stainless Steel",,,,,,,,,,,,,,,,,,,,,,,,,,,,,,,,,,,,,,,,,,,,,,,,,,,,,,,,,,,,,,,,,,,,,,,,,,,,,,,,,,,,,,,,,,,,,,,,,,,,,,,,,,,,,,,,,,,,,,,,,,,,,,,,,,,,,,,,,,,,,,,,,,,,,,,,,,,,,,,,,,,,,,,,,,https://down-id.img.susercontent.com/file/sg-11134201-7r9b7-lltb7z6hespc18,,,,,,,,,https://www.lenntech.com/uploads/grundfos/96501894/Grundfos_CR-15-3-A-F-A-E-HQQE.pdf,,,,,,,,,,,,,,,,,,Yes
https://wespacindustrial.com/product/sandpaper-189/,,,,,,SL-292218366BAA,,,,5B-332-120,5B-332-120,"5B-332-120 HIOLIT 5"" P120",,,,Mirka Abrasives Inc (MIRUS),Mirka Abrasives Inc (MIRUS),Mirka Abrasives Inc (MIRUS),,5B-332-120,,,"Mirka Abrasives Inc (MIRUS) Mirka Abrasives Inc (MIRUS), 5B-332-120 HIOLIT 5"" P1",MIRKA ABRASIVES INC (MIRUS) 5B-332-120 H,"5B-332-120 HIOLIT 5"" P120","5B-332-120 HIOLIT 5"" P120","5B-332-120 HIOLIT 5"" P120","5B-332-120 HIOLIT 5"" P120",5 inch diameter,120 Grit abrasive,Cloth backing,PSA (Pressure Sensitive Adhesive) sanding disc,Packaged 50 per box,,,,,,,,,,,,,,,,,,,,,"5B-332-120 HIOLIT 5"" P120",,,,,,,,,,,,,,,,,,,,,,,,,,,,,,,,,,,,,,,,,,,,,,,,,,,,,,,,,,,,,,,,,,,,,,,,,,,,,,,,,,,,,,,,,,,,,,,,,,,,,,,,,,,,,,,,,,,,,,,,,,,,,,,,,,,,,,,,,,,,,,,,,,,,,,,,,,,,,,,,,,,,,,,,,,https://wespacindustrial.com/wp-content/uploads/2019/09/56-332-060-2.jpg,,,,,,,,,https://cms.mirka.com/globalassets/msc/pdf/mirka-product-catalog-2022-low-res.pdf,,,,,,,,,,,,,,,,,,Yes
,,,,,,SL-7963D4D26E63,,,,HEX-M10-A2,HEX-M10-A2,"M10x1.5 Hex Bolt, Grade A2 Stainless Steel, 50mm Length, DIN 933",,,,Bossard Fastener Co (BOSS),Bossard Fastener Co (BOSS),Bossard Fastener Co (BOSS),,HEX-M10-A2,,,"Bossard Fastener Co (BOSS) Bossard Fastener Co (BOSS), M10x1.5 Hex Bolt, Grade A",M10x1.5 Grade A2 SS Hex Bolt 50mm DIN 933,"Bossard Fastener Co M10x1.5 hex bolt featuring Grade A2 stainless steel construction, a 50mm length, and DIN 933 standard compliance.","Bossard Fastener Co M10x1.5 hex bolt featuring Grade A2 stainless steel construction, a 50mm length, and DIN 933 standard compliance.","Bossard Fastener Co M10x1.5 hex bolt featuring Grade A2 stainless steel construction, a 50mm length, and DIN 933 standard compliance.","Bossard Fastener Co M10x1.5 hex bolt featuring Grade A2 stainless steel construction, a 50mm length, and DIN 933 standard compliance.",,,,,,,,,,,,,,,,,,,,,,,,,,"M10x1.5 Hex Bolt, Grade A2 Stainless Steel, 50mm Length, DIN 933",,,,,,,,,,,,,,,,,,,,,,,,,,,,,,,,,,,,,,,,,,,,,,,,,,,,,,,,,,,,,,,,,,,,,,,,,,,,,,,,,,,,,,,,,,,,,,,,,,,,,,,,,,,,,,,,,,,,,,,,,,,,,,,,,,,,,,,,,,,,,,,,,,,,,,,,,,,,,,,,,,,,,,,,,,https://ce8dc832c.cloudimg.io/v7/_cdn_/54/45/61/00/0/1463365_1.jpg?width=640&height=480&wat=1&wat_url=_tme-wrk_%2Ftme_new.png&wat_scale=100p&ci_sign=38b62c9852567f4f07edd3ea2ed9aeb341182e1b,,,,,,,,,https://www.scribd.com/document/269752148/Bossard-Catalogue,,,,,,,,,,,,,,,,,,Yes
,,,,,,SL-732109030CB2,,,,0FU6925,0FU6925,DRILL  CRDLS  20V  1/2IN  BARE,Channellock,CHANNELLOCK INC,,,Channellock,Channellock,,0FU6925,,,"Channellock Channellock, DRILL  CRDLS  20V  1/2IN  BARE, 0FU6925",CHANNELLOCK DRILL CRDLS 20V 1/2IN BARE,Channellock 20V 1/2 in. cordless drill bare tool.,Channellock 20V 1/2 in. cordless drill bare tool.,Channellock 20V 1/2 in. cordless drill bare tool.,Channellock 20V 1/2 in. cordless drill bare tool.,,,,,,,,,,,,,,,,,,,,,,,,,,DRILL  CRDLS  20V  1/2IN  BARE,,,,,,,,,,,,,,,,,,,,,,,,,,,,,,,,,,,,,,,,,,,,,,,,,,,,,,,,,,,,,,,,,,,,,,,,,,,,,,,,,,,,,,,,,,,,,,,,,,,,,,,,,,,,,,,,,,,,,,,,,,,,,,,,,,,,,,,,,,,,,,,,,,,,,,,,,,,,,,,,,,,,,,,,,,https://images.bike24.com/i/mb/99/0a/db/dare-2b-iced-1-4-zip-core-stretch-midlayer-women-0fu-egret-black--1-1919540.jpg,,,,,,,,,,,,,,,,,,,,,,,,,,,Yes
,,,,,,SL-3AE80CF8032E,,,,TE-CONN-6P,TE-CONN-6P,"TE Connectivity 6-Pin Industrial Circular Connector, IP67 Rated, Panel Mount",TE Connectivity,,,TE Connectivity Ltd (TECN),TE Connectivity Ltd (TECN),TE Connectivity Ltd (TECN),,TE-CONN-6P,,,"TE Connectivity Ltd (TECN) TE Connectivity Ltd (TECN), TE Connectivity 6-Pin Ind",TE CONNECTIVITY LTD (TECN) TE CONNECTIVI,"TE Connectivity 6-Pin Industrial Circular Connector, IP67 Rated, Panel Mount","TE Connectivity 6-Pin Industrial Circular Connector, IP67 Rated, Panel Mount","TE Connectivity 6-Pin Industrial Circular Connector, IP67 Rated, Panel Mount","TE Connectivity 6-Pin Industrial Circular Connector, IP67 Rated, Panel Mount",,,,,,,,,,,,,,,,,,,,,,,,,,"TE Connectivity 6-Pin Industrial Circular Connector, IP67 Rated, Panel Mount",,,,,,,,,,,,,,,,,,,,,,,,,,,,,,,,,,,,,,,,,,,,,,,,,,,,,,,,,,,,,,,,,,,,,,,,,,,,,,,,,,,,,,,,,,,,,,,,,,,,,,,,,,,,,,,,,,,,,,,,,,,,,,,,,,,,,,,,,,,,,,,,,,,,,,,,,,,,,,,,,,,,,,,,,,https://www.te.com/content/dam/te-com/catalog/part/215/548/096/2-1554809-6-t1.jpg/jcr:content/renditions/product-high-res.png,,,,,,,,,,,,,,,,,,,,,,,,,,,Yes
,,,,,,SL-29F8A2F931A3,,,,YP97841,YP97841,BELT SAND 1-1/4X6IN 80GRIT,Eaton,,EATON CORP,,Eaton,Eaton,,YP97841,,,"Eaton Eaton Professional BELT SAND 1-1/4X6IN 80GRIT, Model YP97841",EATON BELT SAND 1-1/4X6IN 80GRIT YP97841,BELT SAND 1-1/4X6IN 80GRIT,BELT SAND 1-1/4X6IN 80GRIT,BELT SAND 1-1/4X6IN 80GRIT,BELT SAND 1-1/4X6IN 80GRIT,,,,,,,,,,,,,,,,,,,,,,,,,,BELT SAND 1-1/4X6IN 80GRIT,,,,,,,,,,,,,,,,,,,,,,,,,,,,,,,,,,,,,,,,,,,,,,,,,,,,,,,,,,,,,,,,,,,,,,,,,,,,,,,,,,,,,,,,,,,,,,,,,,,,,,,,,,,,,,,,,,,,,,,,,,,,,,,,,,,,,,,,,,,,,,,,,,,,,,,,,,,,,,,,,,,,,,,,,,https://printify.com/wp-content/uploads/2025/04/Set-up-a-product.png,,,,,,,,,,,,,,,,,,,,,,,,,,,Yes
https://www.ultimatetoolsmart.com/product/mirka-abrasives-9a-570-240-abranet-30-x-2-75-240-grit-aluminum-oxide-mesh-grip-sanding-roll/,,,,,,SL-7D2A3ED0BFCD,,,,9A-570-240,9A-570-240,9A-570-240 Abranet 2.75x30,,,,Mirka Abrasives Inc (MIRUS),Mirka Abrasives Inc (MIRUS),Mirka Abrasives Inc (MIRUS),,9A-570-240,,,"Mirka Abrasives Inc (MIRUS) Mirka Abrasives Inc (MIRUS), 9A-570-240 Abranet 2.75",MIRKA ABRASIVES INC (MIRUS) 9A-570-240 A,9A-570-240 Abranet 2.75x30,9A-570-240 Abranet 2.75x30,9A-570-240 Abranet 2.75x30,9A-570-240 Abranet 2.75x30,,,,,,,,,,,,,,,,,,,,,,,,,,9A-570-240 Abranet 2.75x30,,,,,,,,,,,,,,,,,,,,,,,,,,,,,,,,,,,,,,,,,,,,,,,,,,,,,,,,,,,,,,,,,,,,,,,,,,,,,,,,,,,,,,,,,,,,,,,,,,,,,,,,,,,,,,,,,,,,,,,,,,,,,,,,,,,,,,,,,,,,,,,,,,,,,,,,,,,,,,,,,,,,,,,,,,https://images.toolsid.com/mirka-abrasives/items/9a-570-240.jpg,,,,,,,,,https://static.charlesmcmurray.com/publications/vendor/PDF/2025%20Mirka%20Product%20Catalog.pdf,,,,,,,,,,,,,,,,,,Yes
,,,,,,SL-55F8521FC568,,,,UNK-000472,UNK-000472,UNK-000472,,,,,,,,UNK-000472,,,"Industrial Brand Professional UNK-000472, Model UNK-000472",GENERIC UNK-000472 UNK-000472,UNK-000472,UNK-000472,UNK-000472,UNK-000472,,,,,,,,,,,,,,,,,,,,,,,,,,UNK-000472,,,,,,,,,,,,,,,,,,,,,,,,,,,,,,,,,,,,,,,,,,,,,,,,,,,,,,,,,,,,,,,,,,,,,,,,,,,,,,,,,,,,,,,,,,,,,,,,,,,,,,,,,,,,,,,,,,,,,,,,,,,,,,,,,,,,,,,,,,,,,,,,,,,,,,,,,,,,,,,,,,,,,,,,,,https://8f08a8-ss.akinoncloudcdn.com/products/2026/05/20/76680178/349f6daa-91cd-4671-bcbc-4b0055eaa047.jpg,,,,,,,,,,,,,,,,,,,,,,,,,,,Yes
,,,,,,SL-221A26540D32,,,,CW145093,CW145093,REFRIG R410A 25LB CYL,Makita Corp,MAKITA USA,,,Makita Corp,Makita Corp,,CW145093,,,"Makita Corp Makita Corp Professional REFRIG R410A 25LB CYL, Model CW145093",MAKITA CORP REFRIG R410A 25LB CYL CW1450,REFRIG R410A 25LB CYL,REFRIG R410A 25LB CYL,REFRIG R410A 25LB CYL,REFRIG R410A 25LB CYL,,,,,,,,,,,,,,,,,,,,,,,,,,REFRIG R410A 25LB CYL,,,,,,,,,,,,,,,,,,,,,,,,,,,,,,,,,,,,,,,,,,,,,,,,,,,,,,,,,,,,,,,,,,,,,,,,,,,,,,,,,,,,,,,,,,,,,,,,,,,,,,,,,,,,,,,,,,,,,,,,,,,,,,,,,,,,,,,,,,,,,,,,,,,,,,,,,,,,,,,,,,,,,,,,,,https://whidegroup.com/wp-content/uploads/creative-photography-4-large.png,,,,,,,,,,,,,,,,,,,,,,,,,,,Yes
,,,,,,SL-3C6E3FD38B44,,,,9A-570-320,9A-570-320,9A-570-320 Abranet 2.75x30,,,,Mirka Abrasives Inc (MIRUS),Mirka Abrasives Inc (MIRUS),Mirka Abrasives Inc (MIRUS),,9A-570-320,,,"Mirka Abrasives Inc (MIRUS) Mirka Abrasives Inc (MIRUS), 9A-570-320 Abranet 2.75",MIRKA ABRASIVES INC (MIRUS) 9A-570-320 A,9A-570-320 Abranet 2.75x30,9A-570-320 Abranet 2.75x30,9A-570-320 Abranet 2.75x30,9A-570-320 Abranet 2.75x30,,,,,,,,,,,,,,,,,,,,,,,,,,9A-570-320 Abranet 2.75x30,,,,,,,,,,,,,,,,,,,,,,,,,,,,,,,,,,,,,,,,,,,,,,,,,,,,,,,,,,,,,,,,,,,,,,,,,,,,,,,,,,,,,,,,,,,,,,,,,,,,,,,,,,,,,,,,,,,,,,,,,,,,,,,,,,,,,,,,,,,,,,,,,,,,,,,,,,,,,,,,,,,,,,,,,,https://autofxmart.com/cdn/shop/files/mfrmrk_mirka_9a570080.jpg?v=1775967780&width=800,,,,,,,,,,,,,,,,,,,,,,,,,,,Yes
,,,,,,SL-F4BD383958FB,,,,3157447,3157447,EPOXY 5MIN 25ML SYRINGE,Dayton,,,Dayton Mfg,Dayton Mfg,Dayton Mfg,,3157447,,,"Dayton Mfg Dayton Mfg Professional EPOXY 5MIN 25ML SYRINGE, Model 3157447",DAYTON MFG EPOXY 5MIN 25ML SYRINGE 31574,EPOXY 5MIN 25ML SYRINGE,EPOXY 5MIN 25ML SYRINGE,EPOXY 5MIN 25ML SYRINGE,EPOXY 5MIN 25ML SYRINGE,,,,,,,,,,,,,,,,,,,,,,,,,,EPOXY 5MIN 25ML SYRINGE,,,,,,,,,,,,,,,,,,,,,,,,,,,,,,,,,,,,,,,,,,,,,,,,,,,,,,,,,,,,,,,,,,,,,,,,,,,,,,,,,,,,,,,,,,,,,,,,,,,,,,,,,,,,,,,,,,,,,,,,,,,,,,,,,,,,,,,,,,,,,,,,,,,,,,,,,,,,,,,,,,,,,,,,,,https://api.bdiexpress.com/rest/v2/medias/MFRGWWXXXXXX-1XHV7-AS01-515x515.jpg?context=bWFzdGVyfHJvb3R8NDUyNTh8aW1hZ2UvanBlZ3xhR1k1TDJnNFpDOHhNRFl4T0RRNE16ZzJOelkzT0M5TlJsSkhWMWRZV0ZoWVdGaGZNVmhJVmpkZlFWTXdNVjgxTVRWNE5URTFMbXB3Wnd8ZDQwMjU1Nzk5ZmEwN2YyZmEyMWM4NDcxYmZkYzFjOGQyOTdlNDEwY2I3ZGU5ZTRlNGQxNDNiMTIzZDM0MTlhZQ,,,,,,,,,,,,,,,,,,,,,,,,,,,Yes
,,,,,,SL-AA0D3028A42A,,,,UNK-000473,UNK-000473,asdlkj 234 xx --- item item,,,,Unknown Distributor,Unknown Distributor,Unknown Distributor,,UNK-000473,,,"Unknown Distributor Unknown Distributor, asdlkj 234 xx --- item item, UNK-000473",UNKNOWN DISTRIBUTOR ASDLKJ 234 XX --- IT,asdlkj 234 xx --- item item,asdlkj 234 xx --- item item,asdlkj 234 xx --- item item,asdlkj 234 xx --- item item,,,,,,,,,,,,,,,,,,,,,,,,,,asdlkj 234 xx --- item item,,,,,,,,,,,,,,,,,,,,,,,,,,,,,,,,,,,,,,,,,,,,,,,,,,,,,,,,,,,,,,,,,,,,,,,,,,,,,,,,,,,,,,,,,,,,,,,,,,,,,,,,,,,,,,,,,,,,,,,,,,,,,,,,,,,,,,,,,,,,,,,,,,,,,,,,,,,,,,,,,,,,,,,,,,https://specialtyproducts.co/wp-content/uploads/2022/09/3063BK.jpg,,,,,,,,,,,,,,,,,,,,,,,,,,,Yes
,,,,,,SL-D2DEAAFCC513,,,,DBD090094101F,DBD090094101F,"DBD090094101F Diablo 9"" - Metal Cut-Off Disc",,,,Freud Inc (2435),Freud Inc (2435),Freud Inc (2435),,DBD090094101F,,,"Freud Inc (2435) Freud Inc (2435), DBD090094101F Diablo 9"" - Metal Cut-Off Disc,","FREUD INC (2435) DBD090094101F DIABLO 9""","DBD090094101F Diablo 9"" - Metal Cut-Off Disc","DBD090094101F Diablo 9"" - Metal Cut-Off Disc","DBD090094101F Diablo 9"" - Metal Cut-Off Disc","DBD090094101F Diablo 9"" - Metal Cut-Off Disc",,,,,,,,,,,,,,,,,,,,,,,,,,"DBD090094101F Diablo 9"" - Metal Cut-Off Disc",,,,,,,,,,,,,,,,,,,,,,,,,,,,,,,,,,,,,,,,,,,,,,,,,,,,,,,,,,,,,,,,,,,,,,,,,,,,,,,,,,,,,,,,,,,,,,,,,,,,,,,,,,,,,,,,,,,,,,,,,,,,,,,,,,,,,,,,,,,,,,,,,,,,,,,,,,,,,,,,,,,,,,,,,,https://www.toolnut.com/cdn/shop/files/DBD090094101F_Main-Image_4a8ae630-fca9-413e-a59e-6cbfdf8f9423.jpg?v=1778159805&width=1240,,,,,,,,,,,,,,,,,,,,,,,,,,,Yes
,,,,,,SL-E1193E5D2F6F,,,,9S82512,9S82512,DISC  SAND  HOOK-LOOP  5/16IN  120G,3M CO,,3-M,3M Company,3M Company,3M Company,,9S82512,,,"3M Company 3M Company, DISC  SAND  HOOK-LOOP  5/16IN  120G, 9S82512",3M COMPANY DISC  SAND  HOOK-LOOP  5/16IN,DISC  SAND  HOOK-LOOP  5/16IN  120G,DISC  SAND  HOOK-LOOP  5/16IN  120G,DISC  SAND  HOOK-LOOP  5/16IN  120G,DISC  SAND  HOOK-LOOP  5/16IN  120G,,,,,,,,,,,,,,,,,,,,,,,,,,DISC  SAND  HOOK-LOOP  5/16IN  120G,,,,,,,,,,,,,,,,,,,,,,,,,,,,,,,,,,,,,,,,,,,,,,,,,,,,,,,,,,,,,,,,,,,,,,,,,,,,,,,,,,,,,,,,,,,,,,,,,,,,,,,,,,,,,,,,,,,,,,,,,,,,,,,,,,,,,,,,,,,,,,,,,,,,,,,,,,,,,,,,,,,,,,,,,,https://www.webersupply.com/_user/images/partners/3M/3MCategories.jpg,,,,,,,,,,,,,,,,,,,,,,,,,,,Yes
,,,,,,SL-4F03CA8386FE,,,,UNK-000474,UNK-000474,Assorted parts lot - mixed hardware,,,,Jam Industrial Supply LLC (JAMIN),Jam Industrial Supply LLC (JAMIN),Jam Industrial Supply LLC (JAMIN),,UNK-000474,,,"Jam Industrial Supply LLC (JAMIN) Jam Industrial Supply LLC (JAMIN), Assorted pa",JAM INDUSTRIAL SUPPLY LLC (JAMIN) ASSORT,Assorted parts lot - mixed hardware,Assorted parts lot - mixed hardware,Assorted parts lot - mixed hardware,Assorted parts lot - mixed hardware,,,,,,,,,,,,,,,,,,,,,,,,,,Assorted parts lot - mixed hardware,,,,,,,,,,,,,,,,,,,,,,,,,,,,,,,,,,,,,,,,,,,,,,,,,,,,,,,,,,,,,,,,,,,,,,,,,,,,,,,,,,,,,,,,,,,,,,,,,,,,,,,,,,,,,,,,,,,,,,,,,,,,,,,,,,,,,,,,,,,,,,,,,,,,,,,,,,,,,,,,,,,,,,,,,,https://www.jamindustrialsupply.com/wp-content/uploads/2019/11/jp-majors-jam-industrial-supply-300x242.jpg,,,,,,,,,,,,,,,,,,,,,,,,,,,Yes
,,,,,,SL-1C5BAF066A67,,,,DBDS12125A01F,DBDS12125A01F,"DBDS12125A01F Diablo 12"" - Steel Demon Metal Cut-Off Disc",,,,Freud Inc (2435),Freud Inc (2435),Freud Inc (2435),,DBDS12125A01F,,,"Freud Inc (2435) Freud Inc (2435), DBDS12125A01F Diablo 12"" - Steel Demon Metal",FREUD INC (2435) DBDS12125A01F DIABLO 12,"DBDS12125A01F Diablo 12"" - Steel Demon Metal Cut-Off Disc","DBDS12125A01F Diablo 12"" - Steel Demon Metal Cut-Off Disc","DBDS12125A01F Diablo 12"" - Steel Demon Metal Cut-Off Disc","DBDS12125A01F Diablo 12"" - Steel Demon Metal Cut-Off Disc",,,,,,,,,,,,,,,,,,,,,,,,,,"DBDS12125A01F Diablo 12"" - Steel Demon Metal Cut-Off Disc",,,,,,,,,,,,,,,,,,,,,,,,,,,,,,,,,,,,,,,,,,,,,,,,,,,,,,,,,,,,,,,,,,,,,,,,,,,,,,,,,,,,,,,,,,,,,,,,,,,,,,,,,,,,,,,,,,,,,,,,,,,,,,,,,,,,,,,,,,,,,,,,,,,,,,,,,,,,,,,,,,,,,,,,,,http://primesourceus.com/cdn/shop/files/ahhnzpmmuleyaj6dbo4m.png?v=1756299638,,,,,,,,,,,,,,,,,,,,,,,,,,,Yes
,,,,,,SL-F9D493C1DCFC,,,,8G91959,8G91959,threadlock blue 10ml,,,,Schneider Electric,Schneider Electric,Schneider Electric,,8G91959,,,"Schneider Electric Schneider Electric, threadlock blue 10ml, 8G91959",SCHNEIDER ELECTRIC THREADLOCK BLUE 10ML,threadlock blue 10ml,threadlock blue 10ml,threadlock blue 10ml,threadlock blue 10ml,,,,,,,,,,,,,,,,,,,,,,,,,,threadlock blue 10ml,,,,,,,,,,,,,,,,,,,,,,,,,,,,,,,,,,,,,,,,,,,,,,,,,,,,,,,,,,,,,,,,,,,,,,,,,,,,,,,,,,,,,,,,,,,,,,,,,,,,,,,,,,,,,,,,,,,,,,,,,,,,,,,,,,,,,,,,,,,,,,,,,,,,,,,,,,,,,,,,,,,,,,,,,,https://cdn1.npcdn.net/userfiles/19018/image/Schneider.jpg,,,,,,,,,,,,,,,,,,,,,,,,,,,Yes
,,,,,,SL-C647BBA0AE5D,,,,UNK-000475,UNK-000475,472019,,,,,,,,UNK-000475,,,"Industrial Brand Professional 472019, Model UNK-000475",GENERIC 472019 UNK-000475,472019,472019,472019,472019,,,,,,,,,,,,,,,,,,,,,,,,,,472019,,,,,,,,,,,,,,,,,,,,,,,,,,,,,,,,,,,,,,,,,,,,,,,,,,,,,,,,,,,,,,,,,,,,,,,,,,,,,,,,,,,,,,,,,,,,,,,,,,,,,,,,,,,,,,,,,,,,,,,,,,,,,,,,,,,,,,,,,,,,,,,,,,,,,,,,,,,,,,,,,,,,,,,,,,https://8f08a8-ss.akinoncloudcdn.com/products/2026/05/20/76680178/349f6daa-91cd-4671-bcbc-4b0055eaa047.jpg,,,,,,,,,,,,,,,,,,,,,,,,,,,Yes
,,,,,,SL-33B5264BF58F,,,,DBDS12125G01F,DBDS12125G01F,"DBDS12125G01F Diablo 12""x20mm - Speed Demon Metal Cut-Off Disc",,,,Freud Inc (2435),Freud Inc (2435),Freud Inc (2435),,DBDS12125G01F,,,"Freud Inc (2435) Freud Inc (2435), DBDS12125G01F Diablo 12""x20mm - Speed Demon M",FREUD INC (2435) DBDS12125G01F DIABLO 12,"DBDS12125G01F Diablo 12""x20mm - Speed Demon Metal Cut-Off Disc","DBDS12125G01F Diablo 12""x20mm - Speed Demon Metal Cut-Off Disc","DBDS12125G01F Diablo 12""x20mm - Speed Demon Metal Cut-Off Disc","DBDS12125G01F Diablo 12""x20mm - Speed Demon Metal Cut-Off Disc",,,,,,,,,,,,,,,,,,,,,,,,,,"DBDS12125G01F Diablo 12""x20mm - Speed Demon Metal Cut-Off Disc",,,,,,,,,,,,,,,,,,,,,,,,,,,,,,,,,,,,,,,,,,,,,,,,,,,,,,,,,,,,,,,,,,,,,,,,,,,,,,,,,,,,,,,,,,,,,,,,,,,,,,,,,,,,,,,,,,,,,,,,,,,,,,,,,,,,,,,,,,,,,,,,,,,,,,,,,,,,,,,,,,,,,,,,,,https://primesourceus.com/cdn/shop/files/urpbmeppen7qyiggd0yc.png?v=1756299640,,,,,,,,,,,,,,,,,,,,,,,,,,,Yes
,,,,,,SL-D17603A9500F,,,,VR1949,VR1949,bracket shelf l-type 6in,Grainger,,Grainger Industrial Supply,,Grainger,Grainger,,VR1949,,,"Grainger Grainger Professional bracket shelf l-type 6in, Model VR1949",GRAINGER BRACKET SHELF L-TYPE 6IN VR1949,bracket shelf l-type 6in,bracket shelf l-type 6in,bracket shelf l-type 6in,bracket shelf l-type 6in,,,,,,,,,,,,,,,,,,,,,,,,,,bracket shelf l-type 6in,,,,,,,,,,,,,,,,,,,,,,,,,,,,,,,,,,,,,,,,,,,,,,,,,,,,,,,,,,,,,,,,,,,,,,,,,,,,,,,,,,,,,,,,,,,,,,,,,,,,,,,,,,,,,,,,,,,,,,,,,,,,,,,,,,,,,,,,,,,,,,,,,,,,,,,,,,,,,,,,,,,,,,,,,,https://www.atcc.org/-/media/product-assets/images/micrographs/virology/vr-1949-images.jpg?rev=7322595545934c87ad9250691a2b4011,,,,,,,,,,,,,,,,,,,,,,,,,,,Yes
,,,,,,SL-5A14706687E7,,,,DBD100094101F,DBD100094101F,"DBD100094101F Diablo 10"" - Metal Cut-Off Disc",,,,,,,,DBD100094101F,,,"Industrial Brand, DBD100094101F Diablo 10"" - Metal Cut-Off Disc, DBD100094101F","GENERIC DBD100094101F DIABLO 10"" - METAL","DBD100094101F Diablo 10"" - Metal Cut-Off Disc","DBD100094101F Diablo 10"" - Metal Cut-Off Disc","DBD100094101F Diablo 10"" - Metal Cut-Off Disc","DBD100094101F Diablo 10"" - Metal Cut-Off Disc",,,,,,,,,,,,,,,,,,,,,,,,,,"DBD100094101F Diablo 10"" - Metal Cut-Off Disc",,,,,,,,,,,,,,,,,,,,,,,,,,,,,,,,,,,,,,,,,,,,,,,,,,,,,,,,,,,,,,,,,,,,,,,,,,,,,,,,,,,,,,,,,,,,,,,,,,,,,,,,,,,,,,,,,,,,,,,,,,,,,,,,,,,,,,,,,,,,,,,,,,,,,,,,,,,,,,,,,,,,,,,,,,https://whidegroup.com/wp-content/uploads/creative-photography-4-large.png,,,,,,,,,,,,,,,,,,,,,,,,,,,Yes
,,,,,,SL-46C73EFD1700,,,,3P80686,3P80686,trap adapter pvc 2in,ULINE SHIPPING,,,Uline,Uline,Uline,,3P80686,,,"Uline Uline Professional trap adapter pvc 2in, Model 3P80686",ULINE TRAP ADAPTER PVC 2IN 3P80686,trap adapter pvc 2in,trap adapter pvc 2in,trap adapter pvc 2in,trap adapter pvc 2in,,,,,,,,,,,,,,,,,,,,,,,,,,trap adapter pvc 2in,,,,,,,,,,,,,,,,,,,,,,,,,,,,,,,,,,,,,,,,,,,,,,,,,,,,,,,,,,,,,,,,,,,,,,,,,,,,,,,,,,,,,,,,,,,,,,,,,,,,,,,,,,,,,,,,,,,,,,,,,,,,,,,,,,,,,,,,,,,,,,,,,,,,,,,,,,,,,,,,,,,,,,,,,,"https://img.uline.com/is/image/uline/Request_a_Catalog_Cover_SS_23?&wid=750&hei=750&qlt=75&op_usm=1,1,1",,,,,,,,,,,,,,,,,,,,,,,,,,,Yes
,,,,,,SL-08E7EE782267,,,,QAE1964,QAE1964,Hammer Claw 16Oz Fbrgl Hdl,DAYTON ELECTRIC,Dayton,,,DAYTON ELECTRIC,DAYTON ELECTRIC,,QAE1964,,,"DAYTON ELECTRIC DAYTON ELECTRIC, Hammer Claw 16Oz Fbrgl Hdl, QAE1964",DAYTON ELECTRIC HAMMER CLAW 16OZ FBRGL H,Hammer Claw 16Oz Fbrgl Hdl,Hammer Claw 16Oz Fbrgl Hdl,Hammer Claw 16Oz Fbrgl Hdl,Hammer Claw 16Oz Fbrgl Hdl,,,,,,,,,,,,,,,,,,,,,,,,,,Hammer Claw 16Oz Fbrgl Hdl,,,,,,,,,,,,,,,,,,,,,,,,,,,,,,,,,,,,,,,,,,,,,,,,,,,,,,,,,,,,,,,,,,,,,,,,,,,,,,,,,,,,,,,,,,,,,,,,,,,,,,,,,,,,,,,,,,,,,,,,,,,,,,,,,,,,,,,,,,,,,,,,,,,,,,,,,,,,,,,,,,,,,,,,,,https://dmcgas.com/wp-content/uploads/2026/01/QA25.jpg,,,,,,,,,https://www.scribd.com/document/723587482/AEQE-MAA-64T64R-192AE-n78-200W-Datasheet,,,,,,,,,,,,,,,,,,Yes
,,,,,,SL-A52334A73628,,,,DCB520ASTS08G-P120,,DCB520ASTS08G-P120,,,,,DeWalt,DeWalt,,,,,"DeWalt DeWalt Professional DCB520ASTS08G-P120, Model",DEWALT DCB520ASTS08G-P120,DCB520ASTS08G-P120,DCB520ASTS08G-P120,DCB520ASTS08G-P120,DCB520ASTS08G-P120,,,,,,,,,,,,,,,,,,,,,,,,,,DCB520ASTS08G-P120,,,,,,,,,,,,,,,,,,,,,,,,,,,,,,,,,,,,,,,,,,,,,,,,,,,,,,,,,,,,,,,,,,,,,,,,,,,,,,,,,,,,,,,,,,,,,,,,,,,,,,,,,,,,,,,,,,,,,,,,,,,,,,,,,,,,,,,,,,,,,,,,,,,,,,,,,,,,,,,,,,,,,,,,,,,,,,,,,,,,,,,,,,,,,,,,,,,,,
https://diablotools.com/products/DBDS14125A01F,,,,,,SL-F5189B1B7F53,,,,DBDS14125A01F,DBDS14125A01F,"DBDS14125A01F Diablo 14""x1"" - Steel Demon Metal Cut-Off Disc",,,,Freud Inc (2435),Freud Inc (2435),Freud Inc (2435),,DBDS14125A01F,,,"Freud Inc (2435) Freud Inc (2435), DBDS14125A01F Diablo 14""x1"" - Steel Demon Met",FREUD INC (2435) DBDS14125A01F DIABLO 14,"DBDS14125A01F Diablo 14""x1"" - Steel Demon Metal Cut-Off Disc","DBDS14125A01F Diablo 14""x1"" - Steel Demon Metal Cut-Off Disc","DBDS14125A01F Diablo 14""x1"" - Steel Demon Metal Cut-Off Disc","DBDS14125A01F Diablo 14""x1"" - Steel Demon Metal Cut-Off Disc",,,,,,,,,,,,,,,,,,,,,,,,,,"DBDS14125A01F Diablo 14""x1"" - Steel Demon Metal Cut-Off Disc",,,,,,,,,,,,,,,,,,,,,,,,,,,,,,,,,,,,,,,,,,,,,,,,,,,,,,,,,,,,,,,,,,,,,,,,,,,,,,,,,,,,,,,,,,,,,,,,,,,,,,,,,,,,,,,,,,,,,,,,,,,,,,,,,,,,,,,,,,,,,,,,,,,,,,,,,,,,,,,,,,,,,,,,,,https://primesourceus.com/cdn/shop/files/fl6k8e3vlqj1sfigkzme_349410ac-8e41-458b-9af4-58adcf497a46.png?v=1756299642,,,,,,,,,https://cdn.barcodesinc.com/themes/barcodesinc/pdf/Intermec/2435.pdf,,,,,,,,,,,,,,,,,,Yes
,,,,,,SL-EE119018158B,,,,62N22363,62N22363,REFRIG R410A 25LB CYL,nan,Klein Tools,,,nan,nan,,62N22363,,,"nan nan Professional REFRIG R410A 25LB CYL, Model 62N22363",NAN REFRIG R410A 25LB CYL 62N22363,REFRIG R410A 25LB CYL,REFRIG R410A 25LB CYL,REFRIG R410A 25LB CYL,REFRIG R410A 25LB CYL,,,,,,,,,,,,,,,,,,,,,,,,,,REFRIG R410A 25LB CYL,,,,,,,,,,,,,,,,,,,,,,,,,,,,,,,,,,,,,,,,,,,,,,,,,,,,,,,,,,,,,,,,,,,,,,,,,,,,,,,,,,,,,,,,,,,,,,,,,,,,,,,,,,,,,,,,,,,,,,,,,,,,,,,,,,,,,,,,,,,,,,,,,,,,,,,,,,,,,,,,,,,,,,,,,,https://www.barataaviation.com.br/cdn/shop/files/928340-4.jpg?v=1761464960&width=1445,,,,,,,,,https://aeroval.com/ref/282040/622-2363-001/,,,,,,,,,,,,,,,,,,Yes
https://diablotools.com/products/DBDS14125G01F,,,,,,SL-97508AFFE3F2,,,,DBDS14125G01F,DBDS14125G01F,"DBDS14125G01F Diablo 14""x20mm - Steel Demon Metal Cut-Off Disc",,,,Freud Inc (2435),Freud Inc (2435),Freud Inc (2435),,DBDS14125G01F,,,"Freud Inc (2435) Freud Inc (2435), DBDS14125G01F Diablo 14""x20mm - Steel Demon M",FREUD INC (2435) DBDS14125G01F DIABLO 14,"DBDS14125G01F Diablo 14""x20mm - Steel Demon Metal Cut-Off Disc","DBDS14125G01F Diablo 14""x20mm - Steel Demon Metal Cut-Off Disc","DBDS14125G01F Diablo 14""x20mm - Steel Demon Metal Cut-Off Disc","DBDS14125G01F Diablo 14""x20mm - Steel Demon Metal Cut-Off Disc",,,,,,,,,,,,,,,,,,,,,,,,,,"DBDS14125G01F Diablo 14""x20mm - Steel Demon Metal Cut-Off Disc",,,,,,,,,,,,,,,,,,,,,,,,,,,,,,,,,,,,,,,,,,,,,,,,,,,,,,,,,,,,,,,,,,,,,,,,,,,,,,,,,,,,,,,,,,,,,,,,,,,,,,,,,,,,,,,,,,,,,,,,,,,,,,,,,,,,,,,,,,,,,,,,,,,,,,,,,,,,,,,,,,,,,,,,,,https://www.bitsdrill.com/wp-content/uploads/2026/3/1773692873/diablo-dbds14125g01f-14-in-20mm-steel-demon-high-speed-metal-cut-off-disc-1773692877.webp,,,,,,,,,https://cdn.barcodesinc.com/themes/barcodesinc/pdf/Intermec/2435.pdf,,,,,,,,,,,,,,,,,,Yes
,,,,,,SL-9EAAD28A7137,,,,4J65296,4J65296,WIRE BRUSH CUP 3/4IN CRS,Timken,Timken Co,,,Timken,Timken,,4J65296,,,"Timken Timken Professional WIRE BRUSH CUP 3/4IN CRS, Model 4J65296",TIMKEN WIRE BRUSH CUP 3/4IN CRS 4J65296,WIRE BRUSH CUP 3/4IN CRS,WIRE BRUSH CUP 3/4IN CRS,WIRE BRUSH CUP 3/4IN CRS,WIRE BRUSH CUP 3/4IN CRS,,,,,,,,,,,,,,,,,,,,,,,,,,WIRE BRUSH CUP 3/4IN CRS,,,,,,,,,,,,,,,,,,,,,,,,,,,,,,,,,,,,,,,,,,,,,,,,,,,,,,,,,,,,,,,,,,,,,,,,,,,,,,,,,,,,,,,,,,,,,,,,,,,,,,,,,,,,,,,,,,,,,,,,,,,,,,,,,,,,,,,,,,,,,,,,,,,,,,,,,,,,,,,,,,,,,,,,,,https://toprisesafety.com/wp-content/uploads/2025/05/fiberglass-products-customization--1024x1024.png,,,,,,,,,https://catalog.belden.com/techdata/EN/DataConnectCAT6Jacks_techdata.pdf,,,,,,,,,,,,,,,,,,Yes
https://www.nainc.org/product/mirka-abranet-2-3-4-in-x-10-yd-400g-mesh-grip-roll/,,,,,,SL-A74ECEF2DFE3,,,,9A-570-400,9A-570-400,9A-570-400 Abranet 2.75x30 Mesh Sanding Strip P400,,,,Mirka Abrasives Inc (MIRUS),Mirka Abrasives Inc (MIRUS),Mirka Abrasives Inc (MIRUS),,9A-570-400,,,"Mirka Abrasives Inc (MIRUS) Mirka Abrasives Inc (MIRUS), 9A-570-400 Abranet 2.75",MIRKA ABRASIVES INC (MIRUS) 9A-570-400 A,9A-570-400 Abranet 2.75x30 Mesh Sanding Strip P400,9A-570-400 Abranet 2.75x30 Mesh Sanding Strip P400,9A-570-400 Abranet 2.75x30 Mesh Sanding Strip P400,9A-570-400 Abranet 2.75x30 Mesh Sanding Strip P400,,,,,,,,,,,,,,,,,,,,,,,,,,9A-570-400 Abranet 2.75x30 Mesh Sanding Strip P400,,,,,,,,,,,,,,,,,,,,,,,,,,,,,,,,,,,,,,,,,,,,,,,,,,,,,,,,,,,,,,,,,,,,,,,,,,,,,,,,,,,,,,,,,,,,,,,,,,,,,,,,,,,,,,,,,,,,,,,,,,,,,,,,,,,,,,,,,,,,,,,,,,,,,,,,,,,,,,,,,,,,,,,,,,https://i5.walmartimages.com/asr/b6636c7c-e372-46ba-9bb2-03dcfa429e59.5e77c62dbc91deaccd69b72cf09954bf.jpeg,,,,,,,,,https://static.charlesmcmurray.com/publications/vendor/PDF/2025%20Mirka%20Product%20Catalog.pdf,,,,,,,,,,,,,,,,,,Yes
,,,,,,SL-A04B53A4F4C9,,,,49-94-0013,49-94-0013,"49-94-0013 Milw 5""x.045""x7/8"" Metal Cut Off Disc",,,,Milwaukee Accessory (4031),Milwaukee Accessory (4031),Milwaukee Accessory (4031),,49-94-0013,,,"Milwaukee Accessory (4031) Milwaukee Accessory (4031), 49-94-0013 Milw 5""x.045""x",MILWAUKEE ACCESSORY (4031) 49-94-0013 MI,"49-94-0013 Milw 5""x.045""x7/8"" Metal Cut Off Disc","49-94-0013 Milw 5""x.045""x7/8"" Metal Cut Off Disc","49-94-0013 Milw 5""x.045""x7/8"" Metal Cut Off Disc","49-94-0013 Milw 5""x.045""x7/8"" Metal Cut Off Disc",,,,,,,,,,,,,,,,,,,,,,,,,,"49-94-0013 Milw 5""x.045""x7/8"" Metal Cut Off Disc",,,,,,,,,,,,,,,,,,,,,,,,,,,,,,,,,,,,,,,,,,,,,,,,,,,,,,,,,,,,,,,,,,,,,,,,,,,,,,,,,,,,,,,,,,,,,,,,,,,,,,,,,,,,,,,,,,,,,,,,,,,,,,,,,,,,,,,,,,,,,,,,,,,,,,,,,,,,,,,,,,,,,,,,,,https://fwwebbimage.fwwebb.com/WO/Base/1295251.jpg,,,,,,,,,https://susacdn.azureedge.net/specsheets/Milwaukee/49-94-0003.pdf,,,,,,,,,,,,,,,,,,Yes
,,,,,,SL-7474D312807A,,,,1D31579,1D31579,RECEPT DUPLEX 15A 125V TR,3M ELEC DIV,,,3M Electrical,3M Electrical,3M Electrical,,1D31579,,,"3M Electrical 3M Electrical, RECEPT DUPLEX 15A 125V TR, 1D31579",3M ELECTRICAL RECEPT DUPLEX 15A 125V TR,RECEPT DUPLEX 15A 125V TR,RECEPT DUPLEX 15A 125V TR,RECEPT DUPLEX 15A 125V TR,RECEPT DUPLEX 15A 125V TR,,,,,,,,,,,,,,,,,,,,,,,,,,RECEPT DUPLEX 15A 125V TR,,,,,,,,,,,,,,,,,,,,,,,,,,,,,,,,,,,,,,,,,,,,,,,,,,,,,,,,,,,,,,,,,,,,,,,,,,,,,,,,,,,,,,,,,,,,,,,,,,,,,,,,,,,,,,,,,,,,,,,,,,,,,,,,,,,,,,,,,,,,,,,,,,,,,,,,,,,,,,,,,,,,,,,,,,https://imgv2-1-f.scribdassets.com/img/document/956964206/original/14553cc1f5/1?v=1,,,,,,,,,,,,,,,,,,,,,,,,,,,Yes
,,,,,,SL-6635F67F6B7E,,,,WDD8811,WDD8811,SOCKET DEEP 1/2DR 1/2IN,,,,Fluke Corporation,Fluke Corporation,Fluke Corporation,,WDD8811,,,"Fluke Corporation Fluke Corporation, SOCKET DEEP 1/2DR 1/2IN, WDD8811",FLUKE CORPORATION SOCKET DEEP 1/2DR 1/2I,SOCKET DEEP 1/2DR 1/2IN,SOCKET DEEP 1/2DR 1/2IN,SOCKET DEEP 1/2DR 1/2IN,SOCKET DEEP 1/2DR 1/2IN,,,,,,,,,,,,,,,,,,,,,,,,,,SOCKET DEEP 1/2DR 1/2IN,,,,,,,,,,,,,,,,,,,,,,,,,,,,,,,,,,,,,,,,,,,,,,,,,,,,,,,,,,,,,,,,,,,,,,,,,,,,,,,,,,,,,,,,,,,,,,,,,,,,,,,,,,,,,,,,,,,,,,,,,,,,,,,,,,,,,,,,,,,,,,,,,,,,,,,,,,,,,,,,,,,,,,,,,,https://5.imimg.com/data5/SELLER/Default/2023/4/300980962/CL/DT/QA/10156973/fluke-instruments-all-products-1000x1000.jpg,,,,,,,,,https://testequipment.center/Product_Documents/Fluke-88-Specifications-86BCC.pdf,,,,,,,,,,,,,,,,,,Yes
,,,,,,SL-3390E2BCBA8E,,,,49-94-0029,49-94-0029,"49-94-0029 Milw 6-1/2""x1/8""x5/8"" DKO Metal Cut Off Disc",,,,Milwaukee Accessory (4031),Milwaukee Accessory (4031),Milwaukee Accessory (4031),,49-94-0029,,,"Milwaukee Accessory (4031) Milwaukee Accessory (4031), 49-94-0029 Milw 6-1/2""x1/",MILWAUKEE ACCESSORY (4031) 49-94-0029 MI,"49-94-0029 Milw 6-1/2""x1/8""x5/8"" DKO Metal Cut Off Disc","49-94-0029 Milw 6-1/2""x1/8""x5/8"" DKO Metal Cut Off Disc","49-94-0029 Milw 6-1/2""x1/8""x5/8"" DKO Metal Cut Off Disc","49-94-0029 Milw 6-1/2""x1/8""x5/8"" DKO Metal Cut Off Disc",,,,,,,,,,,,,,,,,,,,,,,,,,"49-94-0029 Milw 6-1/2""x1/8""x5/8"" DKO Metal Cut Off Disc",,,,,,,,,,,,,,,,,,,,,,,,,,,,,,,,,,,,,,,,,,,,,,,,,,,,,,,,,,,,,,,,,,,,,,,,,,,,,,,,,,,,,,,,,,,,,,,,,,,,,,,,,,,,,,,,,,,,,,,,,,,,,,,,,,,,,,,,,,,,,,,,,,,,,,,,,,,,,,,,,,,,,,,,,,https://s.dkhardware.com/images/3538990/500x500/310738.webp?b5c14eeb81213d5fc7ab06cf5c30e185,,,,,,,,,,,,,,,,,,,,,,,,,,,Yes
,,,,,,SL-33A070C305AF,,,,49-94-0033,49-94-0033,"49-94-0033 Milw 7""x1/16""x7/8"" Metal Cut Off Disc",,,,Milwaukee Accessory (4031),Milwaukee Accessory (4031),Milwaukee Accessory (4031),,49-94-0033,,,"Milwaukee Accessory (4031) Milwaukee Accessory (4031), 49-94-0033 Milw 7""x1/16""x",MILWAUKEE ACCESSORY (4031) 49-94-0033 MI,"49-94-0033 Milw 7""x1/16""x7/8"" Metal Cut Off Disc","49-94-0033 Milw 7""x1/16""x7/8"" Metal Cut Off Disc","49-94-0033 Milw 7""x1/16""x7/8"" Metal Cut Off Disc","49-94-0033 Milw 7""x1/16""x7/8"" Metal Cut Off Disc",,,,,,,,,,,,,,,,,,,,,,,,,,"49-94-0033 Milw 7""x1/16""x7/8"" Metal Cut Off Disc",,,,,,,,,,,,,,,,,,,,,,,,,,,,,,,,,,,,,,,,,,,,,,,,,,,,,,,,,,,,,,,,,,,,,,,,,,,,,,,,,,,,,,,,,,,,,,,,,,,,,,,,,,,,,,,,,,,,,,,,,,,,,,,,,,,,,,,,,,,,,,,,,,,,,,,,,,,,,,,,,,,,,,,,,,https://s.dkhardware.com/images/3538991/500x500/311295.webp?f73ba6ec77b3c8d6b1a2e10e942261fe,,,,,,,,,,,,,,,,,,,,,,,,,,,Yes
,,,,,,SL-64FCE0F92568,,,,DBDS9125A01F,DBDS9125A01F,"DBDS9125A01F Diablo 9"" - Steel Demon Metal Cut-Off Disc",,,,Freud Inc (2435),Freud Inc (2435),Freud Inc (2435),,DBDS9125A01F,,,"Freud Inc (2435) Freud Inc (2435), DBDS9125A01F Diablo 9"" - Steel Demon Metal Cu","FREUD INC (2435) DBDS9125A01F DIABLO 9""","DBDS9125A01F Diablo 9"" - Steel Demon Metal Cut-Off Disc","DBDS9125A01F Diablo 9"" - Steel Demon Metal Cut-Off Disc","DBDS9125A01F Diablo 9"" - Steel Demon Metal Cut-Off Disc","DBDS9125A01F Diablo 9"" - Steel Demon Metal Cut-Off Disc",,,,,,,,,,,,,,,,,,,,,,,,,,"DBDS9125A01F Diablo 9"" - Steel Demon Metal Cut-Off Disc",,,,,,,,,,,,,,,,,,,,,,,,,,,,,,,,,,,,,,,,,,,,,,,,,,,,,,,,,,,,,,,,,,,,,,,,,,,,,,,,,,,,,,,,,,,,,,,,,,,,,,,,,,,,,,,,,,,,,,,,,,,,,,,,,,,,,,,,,,,,,,,,,,,,,,,,,,,,,,,,,,,,,,,,,,https://fandfind.com/wp-content/uploads/2019/10/383198.jpg,,,,,,,,,https://www.freudtools.com/downloads/,,,,,,,,,,,,,,,,,,Yes
https://aerobasegroup.com/part-number/f296183_00-157-8500,,,,,,SL-8A9E6C237F79,,,,F296183,F296183,Level Torpedo 9In Mag,HONEYWELL INC,,NOT SPECIFIED,,HONEYWELL INC,HONEYWELL INC,,F296183,,,"HONEYWELL INC HONEYWELL INC Professional Level Torpedo 9In Mag, Model F296183",HONEYWELL INC LEVEL TORPEDO 9IN MAG F296,Level Torpedo 9In Mag,Level Torpedo 9In Mag,Level Torpedo 9In Mag,Level Torpedo 9In Mag,,,,,,,,,,,,,,,,,,,,,,,,,,Level Torpedo 9In Mag,,,,,,,,,,,,,,,,,,,,,,,,,,,,,,,,,,,,,,,,,,,,,,,,,,,,,,,,,,,,,,,,,,,,,,,,,,,,,,,,,,,,,,,,,,,,,,,,,,,,,,,,,,,,,,,,,,,,,,,,,,,,,,,,,,,,,,,,,,,,,,,,,,,,,,,,,,,,,,,,,,,,,,,,,,https://whidegroup.com/wp-content/uploads/creative-photography-4-large.png,,,,,,,,,,,,,,,,,,,,,,,,,,,Yes
,,,,,,SL-AA70B95C1F7A,,,,49-94-0001,49-94-0001,"49-94-0001 Milw 4""x.040""x5/8"" Metal Cut Off Disc",,,,Milwaukee Accessory (4031),Milwaukee Accessory (4031),Milwaukee Accessory (4031),,49-94-0001,,,"Milwaukee Accessory (4031) Milwaukee Accessory (4031), 49-94-0001 Milw 4""x.040""x",MILWAUKEE ACCESSORY (4031) 49-94-0001 MI,"49-94-0001 Milw 4""x.040""x5/8"" Metal Cut Off Disc","49-94-0001 Milw 4""x.040""x5/8"" Metal Cut Off Disc","49-94-0001 Milw 4""x.040""x5/8"" Metal Cut Off Disc","49-94-0001 Milw 4""x.040""x5/8"" Metal Cut Off Disc",,,,,,,,,,,,,,,,,,,,,,,,,,"49-94-0001 Milw 4""x.040""x5/8"" Metal Cut Off Disc",,,,,,,,,,,,,,,,,,,,,,,,,,,,,,,,,,,,,,,,,,,,,,,,,,,,,,,,,,,,,,,,,,,,,,,,,,,,,,,,,,,,,,,,,,,,,,,,,,,,,,,,,,,,,,,,,,,,,,,,,,,,,,,,,,,,,,,,,,,,,,,,,,,,,,,,,,,,,,,,,,,,,,,,,,https://fwwebbimage.fwwebb.com/WO/Base/1295248.jpg,,,,,,,,,https://susacdn.azureedge.net/specsheets/Milwaukee/49-94-0003.pdf,,,,,,,,,,,,,,,,,,Yes
,,,,,,SL-0C1F7E6DB49F,,,,EP630458,EP630458,GLASSES  SAFETY  CLR  ANTI-FOG,Honeywell,HONEYWELL INC,,Honeywell International,Honeywell International,Honeywell International,,EP630458,,,"Honeywell International Honeywell International, GLASSES  SAFETY  CLR  ANTI-FOG,",HONEYWELL INTERNATIONAL GLASSES  SAFETY,GLASSES  SAFETY  CLR  ANTI-FOG,GLASSES  SAFETY  CLR  ANTI-FOG,GLASSES  SAFETY  CLR  ANTI-FOG,GLASSES  SAFETY  CLR  ANTI-FOG,,,,,,,,,,,,,,,,,,,,,,,,,,GLASSES  SAFETY  CLR  ANTI-FOG,,,,,,,,,,,,,,,,,,,,,,,,,,,,,,,,,,,,,,,,,,,,,,,,,,,,,,,,,,,,,,,,,,,,,,,,,,,,,,,,,,,,,,,,,,,,,,,,,,,,,,,,,,,,,,,,,,,,,,,,,,,,,,,,,,,,,,,,,,,,,,,,,,,,,,,,,,,,,,,,,,,,,,,,,,https://2.bp.blogspot.com/--ZIRLyuKJiY/U77WSCtl2iI/AAAAAAAAAHE/QbMDqFu3bFU/s1600/HONEYWELL-PRODUCTS.gif,,,,,,,,,https://buildings.honeywell.com/us/en/support/download-center,,,,,,,,,,,,,,,,,,Yes
,,,,,,SL-48F1ABAB6306,,,,49-94-0039,49-94-0039,"49-94-0039 Milw 7""x1/8""x5/8"" DKO Metal Cut Off Disc",,,,Milwaukee Accessory (4031),Milwaukee Accessory (4031),Milwaukee Accessory (4031),,49-94-0039,,,"Milwaukee Accessory (4031) Milwaukee Accessory (4031), 49-94-0039 Milw 7""x1/8""x5",MILWAUKEE ACCESSORY (4031) 49-94-0039 MI,"49-94-0039 Milw 7""x1/8""x5/8"" DKO Metal Cut Off Disc","49-94-0039 Milw 7""x1/8""x5/8"" DKO Metal Cut Off Disc","49-94-0039 Milw 7""x1/8""x5/8"" DKO Metal Cut Off Disc","49-94-0039 Milw 7""x1/8""x5/8"" DKO Metal Cut Off Disc",,,,,,,,,,,,,,,,,,,,,,,,,,"49-94-0039 Milw 7""x1/8""x5/8"" DKO Metal Cut Off Disc",,,,,,,,,,,,,,,,,,,,,,,,,,,,,,,,,,,,,,,,,,,,,,,,,,,,,,,,,,,,,,,,,,,,,,,,,,,,,,,,,,,,,,,,,,,,,,,,,,,,,,,,,,,,,,,,,,,,,,,,,,,,,,,,,,,,,,,,,,,,,,,,,,,,,,,,,,,,,,,,,,,,,,,,,,https://images.thdstatic.com/productImages/a8d4c042-fdd4-4612-932c-672c8f703bee/svn/milwaukee-cut-off-wheels-49-94-0039-64_1000.jpg,,,,,,,,,,,,,,,,,,,,,,,,,,,Yes
,,,,,,SL-B03B47DBB74F,,,,49-94-0043,49-94-0043,"49-94-0043 Milw 9""x3/32""x7/8"" Metal Cut Off Disc",,,,Milwaukee Accessory (4031),Milwaukee Accessory (4031),Milwaukee Accessory (4031),,49-94-0043,,,"Milwaukee Accessory (4031) Milwaukee Accessory (4031), 49-94-0043 Milw 9""x3/32""x",MILWAUKEE ACCESSORY (4031) 49-94-0043 MI,"49-94-0043 Milw 9""x3/32""x7/8"" Metal Cut Off Disc","49-94-0043 Milw 9""x3/32""x7/8"" Metal Cut Off Disc","49-94-0043 Milw 9""x3/32""x7/8"" Metal Cut Off Disc","49-94-0043 Milw 9""x3/32""x7/8"" Metal Cut Off Disc",,,,,,,,,,,,,,,,,,,,,,,,,,"49-94-0043 Milw 9""x3/32""x7/8"" Metal Cut Off Disc",,,,,,,,,,,,,,,,,,,,,,,,,,,,,,,,,,,,,,,,,,,,,,,,,,,,,,,,,,,,,,,,,,,,,,,,,,,,,,,,,,,,,,,,,,,,,,,,,,,,,,,,,,,,,,,,,,,,,,,,,,,,,,,,,,,,,,,,,,,,,,,,,,,,,,,,,,,,,,,,,,,,,,,,,,https://www.mmtoolparts.com/media/catalog/product/cache/f67c81799e267c7926be022f6d6cdd2f/4/9/49-94-0043_1.jpg,,,,,,,,,https://susacdn.azureedge.net/specsheets/Milwaukee/49-94-0003.pdf,,,,,,,,,,,,,,,,,,Yes
,,,,,,SL-1CF1E80932B2,,,,GJS2891,GJS2891,CHARGER RAPID 18V,NOT SPECIFIED,Klein Tools Inc,,Klein,Klein,Klein,,GJS2891,,,"Klein Klein Professional CHARGER RAPID 18V, Model GJS2891",KLEIN CHARGER RAPID 18V GJS2891,CHARGER RAPID 18V,CHARGER RAPID 18V,CHARGER RAPID 18V,CHARGER RAPID 18V,,,,,,,,,,,,,,,,,,,,,,,,,,CHARGER RAPID 18V,,,,,,,,,,,,,,,,,,,,,,,,,,,,,,,,,,,,,,,,,,,,,,,,,,,,,,,,,,,,,,,,,,,,,,,,,,,,,,,,,,,,,,,,,,,,,,,,,,,,,,,,,,,,,,,,,,,,,,,,,,,,,,,,,,,,,,,,,,,,,,,,,,,,,,,,,,,,,,,,,,,,,,,,,,https://media.kleintools.io/360images/klein/small/bat20cw-01-01.jpg,,,,,,,,,,,,,,,,,,,,,,,,,,,Yes
,,,,,,SL-467D557469B5,,,,XJS3647,XJS3647,DRILL CRDLS 20V 1/2IN BARE,nan,Parker Fluid Connectors,,,nan,nan,,XJS3647,,,"nan nan Professional DRILL CRDLS 20V 1/2IN BARE, Model XJS3647",NAN DRILL CRDLS 20V 1/2IN BARE XJS3647,DRILL CRDLS 20V 1/2IN BARE,DRILL CRDLS 20V 1/2IN BARE,DRILL CRDLS 20V 1/2IN BARE,DRILL CRDLS 20V 1/2IN BARE,,,,,,,,,,,,,,,,,,,,,,,,,,DRILL CRDLS 20V 1/2IN BARE,,,,,,,,,,,,,,,,,,,,,,,,,,,,,,,,,,,,,,,,,,,,,,,,,,,,,,,,,,,,,,,,,,,,,,,,,,,,,,,,,,,,,,,,,,,,,,,,,,,,,,,,,,,,,,,,,,,,,,,,,,,,,,,,,,,,,,,,,,,,,,,,,,,,,,,,,,,,,,,,,,,,,,,,,,https://whidegroup.com/wp-content/uploads/creative-photography-4-large.png,,,,,,,,,https://downloads.dell.com/manuals/all-products/esuprt_desktop/esuprt_inspiron_desktop/inspiron-3647-small-desktop_reference%20guide_en-us.pdf,,,,,,,,,,,,,,,,,,Yes
,,,,,,SL-D6D956760C03,,,,49-94-0048,49-94-0048,"49-94-0048 Milw 12""x7/64""x1"" Metal Cut Off Disc General Purpose",,,,Milwaukee Accessory (4031),Milwaukee Accessory (4031),Milwaukee Accessory (4031),,49-94-0048,,,"Milwaukee Accessory (4031) Milwaukee Accessory (4031), 49-94-0048 Milw 12""x7/64""",MILWAUKEE ACCESSORY (4031) 49-94-0048 MI,"49-94-0048 Milw 12""x7/64""x1"" Metal Cut Off Disc General Purpose","49-94-0048 Milw 12""x7/64""x1"" Metal Cut Off Disc General Purpose","49-94-0048 Milw 12""x7/64""x1"" Metal Cut Off Disc General Purpose","49-94-0048 Milw 12""x7/64""x1"" Metal Cut Off Disc General Purpose",,,,,,,,,,,,,,,,,,,,,,,,,,"49-94-0048 Milw 12""x7/64""x1"" Metal Cut Off Disc General Purpose",,,,,,,,,,,,,,,,,,,,,,,,,,,,,,,,,,,,,,,,,,,,,,,,,,,,,,,,,,,,,,,,,,,,,,,,,,,,,,,,,,,,,,,,,,,,,,,,,,,,,,,,,,,,,,,,,,,,,,,,,,,,,,,,,,,,,,,,,,,,,,,,,,,,,,,,,,,,,,,,,,,,,,,,,,https://s.dkhardware.com/images/3538995/500x500/315739.webp?763386358c151e7e287f52be682a2f13,,,,,,,,,,,,,,,,,,,,,,,,,,,Yes
,,,,,,SL-4B30898534FB,,,,ZC475190,ZC475190,FIRST AID KIT 50PERSON,HENKEL CORP,,Henkel Corporation,Henkel,Henkel,Henkel,,ZC475190,,,"Henkel Henkel Professional FIRST AID KIT 50PERSON, Model ZC475190",HENKEL FIRST AID KIT 50PERSON ZC475190,FIRST AID KIT 50PERSON,FIRST AID KIT 50PERSON,FIRST AID KIT 50PERSON,FIRST AID KIT 50PERSON,,,,,,,,,,,,,,,,,,,,,,,,,,FIRST AID KIT 50PERSON,,,,,,,,,,,,,,,,,,,,,,,,,,,,,,,,,,,,,,,,,,,,,,,,,,,,,,,,,,,,,,,,,,,,,,,,,,,,,,,,,,,,,,,,,,,,,,,,,,,,,,,,,,,,,,,,,,,,,,,,,,,,,,,,,,,,,,,,,,,,,,,,,,,,,,,,,,,,,,,,,,,,,,,,,,https://www.katay.com.tr/uploads/bd40b298a0e477f6e223dda5a435797b.png,,,,,,,,,https://5.imimg.com/data5/SELLER/Doc/2026/8/637203670/XI/FB/SV/13116206/loctite-565-en-gl.pdf,,,,,,,,,,,,,,,,,,Yes
,,,,,,SL-FECC066CA493,,,,49-94-0053,49-94-0053,"49-94-0053 Milw 12""x1/8""x1"" Metal Cut Off Disc",,,,Milwaukee Accessory (4031),Milwaukee Accessory (4031),Milwaukee Accessory (4031),,49-94-0053,,,"Milwaukee Accessory (4031) Milwaukee Accessory (4031), 49-94-0053 Milw 12""x1/8""x",MILWAUKEE ACCESSORY (4031) 49-94-0053 MI,"49-94-0053 Milw 12""x1/8""x1"" Metal Cut Off Disc","49-94-0053 Milw 12""x1/8""x1"" Metal Cut Off Disc","49-94-0053 Milw 12""x1/8""x1"" Metal Cut Off Disc","49-94-0053 Milw 12""x1/8""x1"" Metal Cut Off Disc",,,,,,,,,,,,,,,,,,,,,,,,,,"49-94-0053 Milw 12""x1/8""x1"" Metal Cut Off Disc",,,,,,,,,,,,,,,,,,,,,,,,,,,,,,,,,,,,,,,,,,,,,,,,,,,,,,,,,,,,,,,,,,,,,,,,,,,,,,,,,,,,,,,,,,,,,,,,,,,,,,,,,,,,,,,,,,,,,,,,,,,,,,,,,,,,,,,,,,,,,,,,,,,,,,,,,,,,,,,,,,,,,,,,,,https://s.dkhardware.com/images/3538996/500x500/319783.webp?018362ffeba7f26d111ade1b921e6f94,,,,,,,,,,,,,,,,,,,,,,,,,,,Yes
,,,,,,SL-D50E4E66D324,,,,X2R5371,X2R5371,Scrdrvr Phil #2X4In,SKF,S.K.F.,SKF Bearings,SKF USA,SKF USA,SKF USA,,X2R5371,,,"SKF USA SKF USA Professional Scrdrvr Phil #2X4In, Model X2R5371",SKF USA SCRDRVR PHIL #2X4IN X2R5371,Scrdrvr Phil #2X4In,Scrdrvr Phil #2X4In,Scrdrvr Phil #2X4In,Scrdrvr Phil #2X4In,,,,,,,,,,,,,,,,,,,,,,,,,,Scrdrvr Phil #2X4In,,,,,,,,,,,,,,,,,,,,,,,,,,,,,,,,,,,,,,,,,,,,,,,,,,,,,,,,,,,,,,,,,,,,,,,,,,,,,,,,,,,,,,,,,,,,,,,,,,,,,,,,,,,,,,,,,,,,,,,,,,,,,,,,,,,,,,,,,,,,,,,,,,,,,,,,,,,,,,,,,,,,,,,,,,https://rodavictoriausa.com/wp-content/uploads/2023/03/SKF-USA-6307-2RS1-NR-2.jpg,,,,,,,,,,,,,,,,,,,,,,,,,,,Yes
,,,,,,SL-07FF6CC7BBBE,,,,49-94-0058,49-94-0058,"49-94-0058 Milw 12""x1/8""x20mm Metal Cut Off Disc",,,,Milwaukee Accessory (4031),Milwaukee Accessory (4031),Milwaukee Accessory (4031),,49-94-0058,,,"Milwaukee Accessory (4031) Milwaukee Accessory (4031), 49-94-0058 Milw 12""x1/8""x",MILWAUKEE ACCESSORY (4031) 49-94-0058 MI,"49-94-0058 Milw 12""x1/8""x20mm Metal Cut Off Disc","49-94-0058 Milw 12""x1/8""x20mm Metal Cut Off Disc","49-94-0058 Milw 12""x1/8""x20mm Metal Cut Off Disc","49-94-0058 Milw 12""x1/8""x20mm Metal Cut Off Disc",,,,,,,,,,,,,,,,,,,,,,,,,,"49-94-0058 Milw 12""x1/8""x20mm Metal Cut Off Disc",,,,,,,,,,,,,,,,,,,,,,,,,,,,,,,,,,,,,,,,,,,,,,,,,,,,,,,,,,,,,,,,,,,,,,,,,,,,,,,,,,,,,,,,,,,,,,,,,,,,,,,,,,,,,,,,,,,,,,,,,,,,,,,,,,,,,,,,,,,,,,,,,,,,,,,,,,,,,,,,,,,,,,,,,,https://fwwebbimage.fwwebb.com/WO/Base/1295259-1.jpg,,,,,,,,,,,,,,,,,,,,,,,,,,,Yes
,,,,,,SL-CCFD6B34E0EE,,,,TET6753,TET6753,IMPACT DRVR 18V BRUSHLESS,,,NOT SPECIFIED,Gates Rubber,Gates Rubber,Gates Rubber,,TET6753,,,"Gates Rubber Gates Rubber, IMPACT DRVR 18V BRUSHLESS, TET6753",GATES RUBBER IMPACT DRVR 18V BRUSHLESS T,IMPACT DRVR 18V BRUSHLESS,IMPACT DRVR 18V BRUSHLESS,IMPACT DRVR 18V BRUSHLESS,IMPACT DRVR 18V BRUSHLESS,,,,,,,,,,,,,,,,,,,,,,,,,,IMPACT DRVR 18V BRUSHLESS,,,,,,,,,,,,,,,,,,,,,,,,,,,,,,,,,,,,,,,,,,,,,,,,,,,,,,,,,,,,,,,,,,,,,,,,,,,,,,,,,,,,,,,,,,,,,,,,,,,,,,,,,,,,,,,,,,,,,,,,,,,,,,,,,,,,,,,,,,,,,,,,,,,,,,,,,,,,,,,,,,,,,,,,,,https://cpimg.tistatic.com/10163516/b/4/Rubber-Hose-Pipe..jpg,,,,,,,,,,,,,,,,,,,,,,,,,,,Yes
,,,,,,SL-BD08CA382B63,,,,49-94-0063,49-94-0063,"49-94-0063 Milw 14""x7/64""x1"" Metal Cut Off Disc General Purpose",,,,Milwaukee Accessory (4031),Milwaukee Accessory (4031),Milwaukee Accessory (4031),,49-94-0063,,,"Milwaukee Accessory (4031) Milwaukee Accessory (4031), 49-94-0063 Milw 14""x7/64""",MILWAUKEE ACCESSORY (4031) 49-94-0063 MI,"49-94-0063 Milw 14""x7/64""x1"" Metal Cut Off Disc General Purpose","49-94-0063 Milw 14""x7/64""x1"" Metal Cut Off Disc General Purpose","49-94-0063 Milw 14""x7/64""x1"" Metal Cut Off Disc General Purpose","49-94-0063 Milw 14""x7/64""x1"" Metal Cut Off Disc General Purpose",,,,,,,,,,,,,,,,,,,,,,,,,,"49-94-0063 Milw 14""x7/64""x1"" Metal Cut Off Disc General Purpose",,,,,,,,,,,,,,,,,,,,,,,,,,,,,,,,,,,,,,,,,,,,,,,,,,,,,,,,,,,,,,,,,,,,,,,,,,,,,,,,,,,,,,,,,,,,,,,,,,,,,,,,,,,,,,,,,,,,,,,,,,,,,,,,,,,,,,,,,,,,,,,,,,,,,,,,,,,,,,,,,,,,,,,,,,https://d2yn8sruhmqjt4.cloudfront.net/userfiles/images/inriver/preview/664722_mil49940063.jpg,,,,,,,,,,,,,,,,,,,,,,,,,,,Yes
,,,,,,SL-8B49B74CE567,,,,W39379,W39379,BRACKET SHELF L-TYPE 6IN,IDEAL,nan,,,IDEAL,IDEAL,,W39379,,,"IDEAL IDEAL Professional BRACKET SHELF L-TYPE 6IN, Model W39379",IDEAL BRACKET SHELF L-TYPE 6IN W39379,BRACKET SHELF L-TYPE 6IN,BRACKET SHELF L-TYPE 6IN,BRACKET SHELF L-TYPE 6IN,BRACKET SHELF L-TYPE 6IN,,,,,,,,,,,,,,,,,,,,,,,,,,BRACKET SHELF L-TYPE 6IN,,,,,,,,,,,,,,,,,,,,,,,,,,,,,,,,,,,,,,,,,,,,,,,,,,,,,,,,,,,,,,,,,,,,,,,,,,,,,,,,,,,,,,,,,,,,,,,,,,,,,,,,,,,,,,,,,,,,,,,,,,,,,,,,,,,,,,,,,,,,,,,,,,,,,,,,,,,,,,,,,,,,,,,,,,https://contentinfo.autozone.com/znetcs/product-info/en/US/vct/W39379/image/10/,,,,,,,,,,,,,,,,,,,,,,,,,,,Yes
,,,,,,SL-02E64599760C,,,,49-94-0068,49-94-0068,"49-94-0068 Milw 14""x1/8""x20mm Metal Cut Off Disc",,,,Milwaukee Accessory (4031),Milwaukee Accessory (4031),Milwaukee Accessory (4031),,49-94-0068,,,"Milwaukee Accessory (4031) Milwaukee Accessory (4031), 49-94-0068 Milw 14""x1/8""x",MILWAUKEE ACCESSORY (4031) 49-94-0068 MI,"49-94-0068 Milw 14""x1/8""x20mm Metal Cut Off Disc","49-94-0068 Milw 14""x1/8""x20mm Metal Cut Off Disc","49-94-0068 Milw 14""x1/8""x20mm Metal Cut Off Disc","49-94-0068 Milw 14""x1/8""x20mm Metal Cut Off Disc",,,,,,,,,,,,,,,,,,,,,,,,,,"49-94-0068 Milw 14""x1/8""x20mm Metal Cut Off Disc",,,,,,,,,,,,,,,,,,,,,,,,,,,,,,,,,,,,,,,,,,,,,,,,,,,,,,,,,,,,,,,,,,,,,,,,,,,,,,,,,,,,,,,,,,,,,,,,,,,,,,,,,,,,,,,,,,,,,,,,,,,,,,,,,,,,,,,,,,,,,,,,,,,,,,,,,,,,,,,,,,,,,,,,,,https://cdn.mscdirect.com/global/images/ProductImages/6095261-21.jpg,,,,,,,,,,,,,,,,,,,,,,,,,,,Yes
,,,,,,SL-02E6BFDC603B,,,,HV631756,HV631756,HARNESS FULL BODY UNIV,NOT SPECIFIED,Schneider Electric,nan,Schneider Elec,Schneider Elec,Schneider Elec,,HV631756,,,"Schneider Elec Schneider Elec, HARNESS FULL BODY UNIV, HV631756",SCHNEIDER ELEC HARNESS FULL BODY UNIV HV,HARNESS FULL BODY UNIV,HARNESS FULL BODY UNIV,HARNESS FULL BODY UNIV,HARNESS FULL BODY UNIV,,,,,,,,,,,,,,,,,,,,,,,,,,HARNESS FULL BODY UNIV,,,,,,,,,,,,,,,,,,,,,,,,,,,,,,,,,,,,,,,,,,,,,,,,,,,,,,,,,,,,,,,,,,,,,,,,,,,,,,,,,,,,,,,,,,,,,,,,,,,,,,,,,,,,,,,,,,,,,,,,,,,,,,,,,,,,,,,,,,,,,,,,,,,,,,,,,,,,,,,,,,,,,,,,,,https://www.metaautomationsolutions.com/assets/img/schn/schneider4.png,,,,,,,,,,,,,,,,,,,,,,,,,,,Yes
,,,,,,SL-5D4F2860DEB9,,,,49-94-0073,49-94-0073,"49-94-0073 Milw 14""x1/8""x1"" Metal Cut Off Disc",,,,Milwaukee Accessory (4031),Milwaukee Accessory (4031),Milwaukee Accessory (4031),,49-94-0073,,,"Milwaukee Accessory (4031) Milwaukee Accessory (4031), 49-94-0073 Milw 14""x1/8""x",MILWAUKEE ACCESSORY (4031) 49-94-0073 MI,"49-94-0073 Milw 14""x1/8""x1"" Metal Cut Off Disc","49-94-0073 Milw 14""x1/8""x1"" Metal Cut Off Disc","49-94-0073 Milw 14""x1/8""x1"" Metal Cut Off Disc","49-94-0073 Milw 14""x1/8""x1"" Metal Cut Off Disc",,,,,,,,,,,,,,,,,,,,,,,,,,"49-94-0073 Milw 14""x1/8""x1"" Metal Cut Off Disc",,,,,,,,,,,,,,,,,,,,,,,,,,,,,,,,,,,,,,,,,,,,,,,,,,,,,,,,,,,,,,,,,,,,,,,,,,,,,,,,,,,,,,,,,,,,,,,,,,,,,,,,,,,,,,,,,,,,,,,,,,,,,,,,,,,,,,,,,,,,,,,,,,,,,,,,,,,,,,,,,,,,,,,,,,https://d2yn8sruhmqjt4.cloudfront.net/userfiles/images/inriver/preview/664725_mil49940073.jpg,,,,,,,,,,,,,,,,,,,,,,,,,,,Yes
,,,,,,SL-9E0BADCD5F2C,,,,49-94-0101,49-94-0101,"49-94-0101 Milw 4-1/2""x.045""x7/8"" Perform+ Metal Cut Off Disc 10pc",,,,Milwaukee Accessory (4031),Milwaukee Accessory (4031),Milwaukee Accessory (4031),,49-94-0101,,,"Milwaukee Accessory (4031) Milwaukee Accessory (4031), 49-94-0101 Milw 4-1/2""x.0",MILWAUKEE ACCESSORY (4031) 49-94-0101 MI,"49-94-0101 Milw 4-1/2""x.045""x7/8"" Perform+ Metal Cut Off Disc 10pc","49-94-0101 Milw 4-1/2""x.045""x7/8"" Perform+ Metal Cut Off Disc 10pc","49-94-0101 Milw 4-1/2""x.045""x7/8"" Perform+ Metal Cut Off Disc 10pc","49-94-0101 Milw 4-1/2""x.045""x7/8"" Perform+ Metal Cut Off Disc 10pc",,,,,,,,,,,,,,,,,,,,,,,,,,"49-94-0101 Milw 4-1/2""x.045""x7/8"" Perform+ Metal Cut Off Disc 10pc",,,,,,,,,,,,,,,,,,,,,,,,,,,,,,,,,,,,,,,,,,,,,,,,,,,,,,,,,,,,,,,,,,,,,,,,,,,,,,,,,,,,,,,,,,,,,,,,,,,,,,,,,,,,,,,,,,,,,,,,,,,,,,,,,,,,,,,,,,,,,,,,,,,,,,,,,,,,,,,,,,,,,,,,,,http://toolup.com/cdn/shop/files/Milwaukee-49-94-0101_01_86d6294f-3d83-404f-ab4f-e2890166f8cd.jpg?crop=center&height=1200&v=1779703450&width=1200,,,,,,,,,,,,,,,,,,,,,,,,,,,Yes
,,,,,,SL-A9F6CAD61ED3,,,,VU37549,VU37549,strainer bskt ss 3in,,TBD,,PERMATEX INC,PERMATEX INC,PERMATEX INC,,VU37549,,,"PERMATEX INC PERMATEX INC Professional strainer bskt ss 3in, Model VU37549",PERMATEX INC STRAINER BSKT SS 3IN VU3754,strainer bskt ss 3in,strainer bskt ss 3in,strainer bskt ss 3in,strainer bskt ss 3in,,,,,,,,,,,,,,,,,,,,,,,,,,strainer bskt ss 3in,,,,,,,,,,,,,,,,,,,,,,,,,,,,,,,,,,,,,,,,,,,,,,,,,,,,,,,,,,,,,,,,,,,,,,,,,,,,,,,,,,,,,,,,,,,,,,,,,,,,,,,,,,,,,,,,,,,,,,,,,,,,,,,,,,,,,,,,,,,,,,,,,,,,,,,,,,,,,,,,,,,,,,,,,,https://cdn11.bigcommerce.com/s-f4083/product_images/uploaded_images/permatex-authorized-dealer-social.jpg,,,,,,,,,,,,,,,,,,,,,,,,,,,Yes
,,,,,,SL-D507F1FEE86D,,,,49-94-0107,49-94-0107,"49-94-0107 Milw 4-1/2""x.045""x7/8"" Performance+ Metal Cut Off Disc",,,,Milwaukee Accessory (4031),Milwaukee Accessory (4031),Milwaukee Accessory (4031),,49-94-0107,,,"Milwaukee Accessory (4031) Milwaukee Accessory (4031), 49-94-0107 Milw 4-1/2""x.0",MILWAUKEE ACCESSORY (4031) 49-94-0107 MI,"49-94-0107 Milw 4-1/2""x.045""x7/8"" Performance+ Metal Cut Off Disc","49-94-0107 Milw 4-1/2""x.045""x7/8"" Performance+ Metal Cut Off Disc","49-94-0107 Milw 4-1/2""x.045""x7/8"" Performance+ Metal Cut Off Disc","49-94-0107 Milw 4-1/2""x.045""x7/8"" Performance+ Metal Cut Off Disc",,,,,,,,,,,,,,,,,,,,,,,,,,"49-94-0107 Milw 4-1/2""x.045""x7/8"" Performance+ Metal Cut Off Disc",,,,,,,,,,,,,,,,,,,,,,,,,,,,,,,,,,,,,,,,,,,,,,,,,,,,,,,,,,,,,,,,,,,,,,,,,,,,,,,,,,,,,,,,,,,,,,,,,,,,,,,,,,,,,,,,,,,,,,,,,,,,,,,,,,,,,,,,,,,,,,,,,,,,,,,,,,,,,,,,,,,,,,,,,,https://s.dkhardware.com/images/3539003/500x500/333459.webp?9c233d0a5c065610290db4e8d49a0049,,,,,,,,,https://susacdn.azureedge.net/specsheets/Milwaukee/49-94-0003.pdf,,,,,,,,,,,,,,,,,,Yes
,,,,,,SL-F6D8265DECBE,,,,RV39444,RV39444,COUPLING PVC SCH40 5/8IN,,MSA,MSA Safety,,MSA,MSA,,RV39444,,,"MSA MSA Professional COUPLING PVC SCH40 5/8IN, Model RV39444",MSA COUPLING PVC SCH40 5/8IN RV39444,COUPLING PVC SCH40 5/8IN,COUPLING PVC SCH40 5/8IN,COUPLING PVC SCH40 5/8IN,COUPLING PVC SCH40 5/8IN,,,,,,,,,,,,,,,,,,,,,,,,,,COUPLING PVC SCH40 5/8IN,,,,,,,,,,,,,,,,,,,,,,,,,,,,,,,,,,,,,,,,,,,,,,,,,,,,,,,,,,,,,,,,,,,,,,,,,,,,,,,,,,,,,,,,,,,,,,,,,,,,,,,,,,,,,,,,,,,,,,,,,,,,,,,,,,,,,,,,,,,,,,,,,,,,,,,,,,,,,,,,,,,,,,,,,,https://www.prsunglasses.com/images/products/secondary/preview/ot39444rv-4.jpg,,,,,,,,,https://media.salvex.com/auction/d/1830197/183019613_876357.pdf,,,,,,,,,,,,,,,,,,Yes
,,,,,,SL-884BE20CF8B5,,,,49-94-0117,49-94-0117,"49-94-0117 Milw 5""x.045""x7/8"" Performance+ Metal Cut Off Disc",,,,Milwaukee Accessory (4031),Milwaukee Accessory (4031),Milwaukee Accessory (4031),,49-94-0117,,,"Milwaukee Accessory (4031) Milwaukee Accessory (4031), 49-94-0117 Milw 5""x.045""x",MILWAUKEE ACCESSORY (4031) 49-94-0117 MI,"49-94-0117 Milw 5""x.045""x7/8"" Performance+ Metal Cut Off Disc","49-94-0117 Milw 5""x.045""x7/8"" Performance+ Metal Cut Off Disc","49-94-0117 Milw 5""x.045""x7/8"" Performance+ Metal Cut Off Disc","49-94-0117 Milw 5""x.045""x7/8"" Performance+ Metal Cut Off Disc",,,,,,,,,,,,,,,,,,,,,,,,,,"49-94-0117 Milw 5""x.045""x7/8"" Performance+ Metal Cut Off Disc",,,,,,,,,,,,,,,,,,,,,,,,,,,,,,,,,,,,,,,,,,,,,,,,,,,,,,,,,,,,,,,,,,,,,,,,,,,,,,,,,,,,,,,,,,,,,,,,,,,,,,,,,,,,,,,,,,,,,,,,,,,,,,,,,,,,,,,,,,,,,,,,,,,,,,,,,,,,,,,,,,,,,,,,,,https://static.grainger.com/rp/s/is/image/Grainger/49-94-0117_9__BLQ9_v1,,,,,,,,,https://susacdn.azureedge.net/specsheets/Milwaukee/49-94-0003.pdf,,,,,,,,,,,,,,,,,,Yes
,,,,,,SL-BB9726CC46EA,,,,RK95990,RK95990,WIRE BRUSH CUP 3IN CRS,3M Abrasives,,3M ABR DIV,,3M Abrasives,3M Abrasives,,RK95990,,,"3M Abrasives 3M Abrasives Professional WIRE BRUSH CUP 3IN CRS, Model RK95990",3M ABRASIVES WIRE BRUSH CUP 3IN CRS RK95,WIRE BRUSH CUP 3IN CRS,WIRE BRUSH CUP 3IN CRS,WIRE BRUSH CUP 3IN CRS,WIRE BRUSH CUP 3IN CRS,,,,,,,,,,,,,,,,,,,,,,,,,,WIRE BRUSH CUP 3IN CRS,,,,,,,,,,,,,,,,,,,,,,,,,,,,,,,,,,,,,,,,,,,,,,,,,,,,,,,,,,,,,,,,,,,,,,,,,,,,,,,,,,,,,,,,,,,,,,,,,,,,,,,,,,,,,,,,,,,,,,,,,,,,,,,,,,,,,,,,,,,,,,,,,,,,,,,,,,,,,,,,,,,,,,,,,,https://whidegroup.com/wp-content/uploads/creative-photography-4-large.png,,,,,,,,,,,,,,,,,,,,,,,,,,,Yes
,,,,,,SL-045313DACB0F,,,,49-94-0123,49-94-0123,"49-94-0123 Milw 6""x.045""x7/8"" Performance+ Metal Cut Off Disc",,,,Milwaukee Accessory (4031),Milwaukee Accessory (4031),Milwaukee Accessory (4031),,49-94-0123,,,"Milwaukee Accessory (4031) Milwaukee Accessory (4031), 49-94-0123 Milw 6""x.045""x",MILWAUKEE ACCESSORY (4031) 49-94-0123 MI,"49-94-0123 Milw 6""x.045""x7/8"" Performance+ Metal Cut Off Disc","49-94-0123 Milw 6""x.045""x7/8"" Performance+ Metal Cut Off Disc","49-94-0123 Milw 6""x.045""x7/8"" Performance+ Metal Cut Off Disc","49-94-0123 Milw 6""x.045""x7/8"" Performance+ Metal Cut Off Disc",,,,,,,,,,,,,,,,,,,,,,,,,,"49-94-0123 Milw 6""x.045""x7/8"" Performance+ Metal Cut Off Disc",,,,,,,,,,,,,,,,,,,,,,,,,,,,,,,,,,,,,,,,,,,,,,,,,,,,,,,,,,,,,,,,,,,,,,,,,,,,,,,,,,,,,,,,,,,,,,,,,,,,,,,,,,,,,,,,,,,,,,,,,,,,,,,,,,,,,,,,,,,,,,,,,,,,,,,,,,,,,,,,,,,,,,,,,,https://images.thdstatic.com/productImages/494b72a7-eab9-42b8-86b3-d9d705cee865/svn/milwaukee-cut-off-wheels-49-94-0123-64_1000.jpg,,,,,,,,,https://susacdn.azureedge.net/specsheets/Milwaukee/49-94-0003.pdf,,,,,,,,,,,,,,,,,,Yes
,,,,,,SL-8EEE0F0EB106,,,,W4865933,W4865933,Refrig R410A 25Lb Cyl,,ANSELL LTD,nan,Ansell Protective,Ansell Protective,Ansell Protective,,W4865933,,,"Ansell Protective Ansell Protective, Refrig R410A 25Lb Cyl, W4865933",ANSELL PROTECTIVE REFRIG R410A 25LB CYL,Refrig R410A 25Lb Cyl,Refrig R410A 25Lb Cyl,Refrig R410A 25Lb Cyl,Refrig R410A 25Lb Cyl,,,,,,,,,,,,,,,,,,,,,,,,,,Refrig R410A 25Lb Cyl,,,,,,,,,,,,,,,,,,,,,,,,,,,,,,,,,,,,,,,,,,,,,,,,,,,,,,,,,,,,,,,,,,,,,,,,,,,,,,,,,,,,,,,,,,,,,,,,,,,,,,,,,,,,,,,,,,,,,,,,,,,,,,,,,,,,,,,,,,,,,,,,,,,,,,,,,,,,,,,,,,,,,,,,,,https://cdn2.electronicscrazy.sg/Productimage/2023-03-1305-59-1828.webp,,,,,,,,,https://www.ansell.com/int/en/sectors/laboratory-research/resource-download-center,,,,,,,,,,,,,,,,,,Yes
,,,,,,SL-0F377C1EA6D0,,,,URT6502,URT6502,BATT PACK LI-ION 5AH,,,,SIEMENS AG,SIEMENS AG,SIEMENS AG,,URT6502,,,"SIEMENS AG SIEMENS AG Professional BATT PACK LI-ION 5AH, Model URT6502",SIEMENS AG BATT PACK LI-ION 5AH URT6502,BATT PACK LI-ION 5AH,BATT PACK LI-ION 5AH,BATT PACK LI-ION 5AH,BATT PACK LI-ION 5AH,,,,,,,,,,,,,,,,,,,,,,,,,,BATT PACK LI-ION 5AH,,,,,,,,,,,,,,,,,,,,,,,,,,,,,,,,,,,,,,,,,,,,,,,,,,,,,,,,,,,,,,,,,,,,,,,,,,,,,,,,,,,,,,,,,,,,,,,,,,,,,,,,,,,,,,,,,,,,,,,,,,,,,,,,,,,,,,,,,,,,,,,,,,,,,,,,,,,,,,,,,,,,,,,,,,https://www.vstavanky.sk/wp-content/uploads/2023/02/20607571_UR6502_WSSGG_DGDG_2WPSB_1RDB_NBDB_2DB_PGA4_def.jpg,,,,,,,,,https://www.siemens-healthineers.com/support-documentation/online-services/document-library,,,,,,,,,,,,,,,,,,Yes
,,,,,,SL-1EB57BAE388A,,,,49-94-0023,49-94-0023,"49-94-0023 Milw 6""x.045""x7/8"" Metal Cut Off Disc",,,,Milwaukee Accessory (4031),Milwaukee Accessory (4031),Milwaukee Accessory (4031),,49-94-0023,,,"Milwaukee Accessory (4031) Milwaukee Accessory (4031), 49-94-0023 Milw 6""x.045""x",MILWAUKEE ACCESSORY (4031) 49-94-0023 MI,"49-94-0023 Milw 6""x.045""x7/8"" Metal Cut Off Disc","49-94-0023 Milw 6""x.045""x7/8"" Metal Cut Off Disc","49-94-0023 Milw 6""x.045""x7/8"" Metal Cut Off Disc","49-94-0023 Milw 6""x.045""x7/8"" Metal Cut Off Disc",,,,,,,,,,,,,,,,,,,,,,,,,,"49-94-0023 Milw 6""x.045""x7/8"" Metal Cut Off Disc",,,,,,,,,,,,,,,,,,,,,,,,,,,,,,,,,,,,,,,,,,,,,,,,,,,,,,,,,,,,,,,,,,,,,,,,,,,,,,,,,,,,,,,,,,,,,,,,,,,,,,,,,,,,,,,,,,,,,,,,,,,,,,,,,,,,,,,,,,,,,,,,,,,,,,,,,,,,,,,,,,,,,,,,,,https://www.pcstools.com/product-images/Milwaukee-49-94-0023_01.jpg?resizeid=36&resizeh=510&resizew=510,,,,,,,,,,,,,,,,,,,,,,,,,,,Yes
,,,,,,SL-2B910B1415A3,,,,49-94-0121,49-94-0121,"49-94-0121 Milw 6""x.045""x7/8"" Performance+ Metal Cut Off Disc 10pc",,,,Milwaukee Accessory (4031),Milwaukee Accessory (4031),Milwaukee Accessory (4031),,49-94-0121,,,"Milwaukee Accessory (4031) Milwaukee Accessory (4031), 49-94-0121 Milw 6""x.045""x",MILWAUKEE ACCESSORY (4031) 49-94-0121 MI,"49-94-0121 Milw 6""x.045""x7/8"" Performance+ Metal Cut Off Disc 10pc","49-94-0121 Milw 6""x.045""x7/8"" Performance+ Metal Cut Off Disc 10pc","49-94-0121 Milw 6""x.045""x7/8"" Performance+ Metal Cut Off Disc 10pc","49-94-0121 Milw 6""x.045""x7/8"" Performance+ Metal Cut Off Disc 10pc",,,,,,,,,,,,,,,,,,,,,,,,,,"49-94-0121 Milw 6""x.045""x7/8"" Performance+ Metal Cut Off Disc 10pc",,,,,,,,,,,,,,,,,,,,,,,,,,,,,,,,,,,,,,,,,,,,,,,,,,,,,,,,,,,,,,,,,,,,,,,,,,,,,,,,,,,,,,,,,,,,,,,,,,,,,,,,,,,,,,,,,,,,,,,,,,,,,,,,,,,,,,,,,,,,,,,,,,,,,,,,,,,,,,,,,,,,,,,,,,https://www.acmetools.com/on/demandware.static/-/Sites-acme-catalog-m-en/default/dw56c7ba8c/images/images/catalog/product/S0000000118507/milwaukee-6-inch-x-045-inch-x-78-inch-performance-metal-cut-off-wheel-type-1-49-94-0121.jpg,,,,,,,,,,,,,,,,,,,,,,,,,,,Yes
https://catalog.hydac.com/en/item/filters-high-pressure----3000-psi-/inline-industrial-filter--hfm-series-5800-psi/2086556,,,,,,SL-EB8102A6F7D2,,,,2086556,2086556,BELT SAND 2X2-1/2IN 80GRIT,3M ABR DIV,,,,3M ABR DIV,3M ABR DIV,,2086556,,,"3M ABR DIV 3M ABR DIV Professional BELT SAND 2X2-1/2IN 80GRIT, Model 2086556",3M ABR DIV BELT SAND 2X2-1/2IN 80GRIT 20,BELT SAND 2X2-1/2IN 80GRIT,BELT SAND 2X2-1/2IN 80GRIT,BELT SAND 2X2-1/2IN 80GRIT,BELT SAND 2X2-1/2IN 80GRIT,,,,,,,,,,,,,,,,,,,,,,,,,,BELT SAND 2X2-1/2IN 80GRIT,,,,,,,,,,,,,,,,,,,,,,,,,,,,,,,,,,,,,,,,,,,,,,,,,,,,,,,,,,,,,,,,,,,,,,,,,,,,,,,,,,,,,,,,,,,,,,,,,,,,,,,,,,,,,,,,,,,,,,,,,,,,,,,,,,,,,,,,,,,,,,,,,,,,,,,,,,,,,,,,,,,,,,,,,,https://cdn-tp2.mozu.com/28945-m4/cms/files/L2086556.jpg,,,,,,,,,https://www.farnell.com/datasheets/2086556.pdf,,,,,,,,,,,,,,,,,,Yes
,,,,,,SL-F7AF3A21FDA2,,,,49-94-0127,49-94-0127,"49-94-0127 Milw 6""x.045""x7/8"" Performance+Metal Cut Off Disc",,,,Milwaukee Accessory (4031),Milwaukee Accessory (4031),Milwaukee Accessory (4031),,49-94-0127,,,"Milwaukee Accessory (4031) Milwaukee Accessory (4031), 49-94-0127 Milw 6""x.045""x",MILWAUKEE ACCESSORY (4031) 49-94-0127 MI,"49-94-0127 Milw 6""x.045""x7/8"" Performance+Metal Cut Off Disc","49-94-0127 Milw 6""x.045""x7/8"" Performance+Metal Cut Off Disc","49-94-0127 Milw 6""x.045""x7/8"" Performance+Metal Cut Off Disc","49-94-0127 Milw 6""x.045""x7/8"" Performance+Metal Cut Off Disc",,,,,,,,,,,,,,,,,,,,,,,,,,"49-94-0127 Milw 6""x.045""x7/8"" Performance+Metal Cut Off Disc",,,,,,,,,,,,,,,,,,,,,,,,,,,,,,,,,,,,,,,,,,,,,,,,,,,,,,,,,,,,,,,,,,,,,,,,,,,,,,,,,,,,,,,,,,,,,,,,,,,,,,,,,,,,,,,,,,,,,,,,,,,,,,,,,,,,,,,,,,,,,,,,,,,,,,,,,,,,,,,,,,,,,,,,,,https://s.dkhardware.com/images/3539006/500x500/342198.webp?993c220c4b15d6eb591fa7bf70e46c3d,,,,,,,,,https://susacdn.azureedge.net/specsheets/Milwaukee/49-94-0003.pdf,,,,,,,,,,,,,,,,,,Yes
,,,,,,SL-8B0E9F32EB08,,,,7QT67125,7QT67125,CAPACITOR  RUN  35MFD  370V,Miller Elec Mfg,MILLER,,Miller Electric,Miller Electric,Miller Electric,,7QT67125,,,"Miller Electric Miller Electric, CAPACITOR  RUN  35MFD  370V, 7QT67125",MILLER ELECTRIC CAPACITOR  RUN  35MFD  3,CAPACITOR  RUN  35MFD  370V,CAPACITOR  RUN  35MFD  370V,CAPACITOR  RUN  35MFD  370V,CAPACITOR  RUN  35MFD  370V,,,,,,,,,,,,,,,,,,,,,,,,,,CAPACITOR  RUN  35MFD  370V,,,,,,,,,,,,,,,,,,,,,,,,,,,,,,,,,,,,,,,,,,,,,,,,,,,,,,,,,,,,,,,,,,,,,,,,,,,,,,,,,,,,,,,,,,,,,,,,,,,,,,,,,,,,,,,,,,,,,,,,,,,,,,,,,,,,,,,,,,,,,,,,,,,,,,,,,,,,,,,,,,,,,,,,,,https://static.grainger.com/rp/s/is/image/Grainger/Dynasty210__794JW2_v1,,,,,,,,,https://rentnarc.ae/wp-content/uploads/2024/07/Miller-XMT425.pdf,,,https://www.millerwelds.com/en-us/support/manuals-and-parts,,,,,,,,,,,,,,,Yes
,,,,,,SL-1B177F9025ED,,,,49-94-0137,49-94-0137,"49-94-0137 Milw 7""x3/32""x7/8"" Performance+ Metal Cut Off Disc",,,,Milwaukee Accessory (4031),Milwaukee Accessory (4031),Milwaukee Accessory (4031),,49-94-0137,,,"Milwaukee Accessory (4031) Milwaukee Accessory (4031), 49-94-0137 Milw 7""x3/32""x",MILWAUKEE ACCESSORY (4031) 49-94-0137 MI,"49-94-0137 Milw 7""x3/32""x7/8"" Performance+ Metal Cut Off Disc","49-94-0137 Milw 7""x3/32""x7/8"" Performance+ Metal Cut Off Disc","49-94-0137 Milw 7""x3/32""x7/8"" Performance+ Metal Cut Off Disc","49-94-0137 Milw 7""x3/32""x7/8"" Performance+ Metal Cut Off Disc",,,,,,,,,,,,,,,,,,,,,,,,,,"49-94-0137 Milw 7""x3/32""x7/8"" Performance+ Metal Cut Off Disc",,,,,,,,,,,,,,,,,,,,,,,,,,,,,,,,,,,,,,,,,,,,,,,,,,,,,,,,,,,,,,,,,,,,,,,,,,,,,,,,,,,,,,,,,,,,,,,,,,,,,,,,,,,,,,,,,,,,,,,,,,,,,,,,,,,,,,,,,,,,,,,,,,,,,,,,,,,,,,,,,,,,,,,,,,https://s.dkhardware.com/images/3539008/500x500/344681.webp?52d082dfb25852acb153a13c51f44bce,,,,,,,,,,,,,,,,,,,,,,,,,,,Yes
,,,,,,SL-3D6B3B342199,,,,F33223,F33223,Chain Link 3/16In X10Ft Zn,nan,CRC,,,nan,nan,,F33223,,,"nan nan Professional Chain Link 3/16In X10Ft Zn, Model F33223",NAN CHAIN LINK 3/16IN X10FT ZN F33223,Chain Link 3/16In X10Ft Zn,Chain Link 3/16In X10Ft Zn,Chain Link 3/16In X10Ft Zn,Chain Link 3/16In X10Ft Zn,,,,,,,,,,,,,,,,,,,,,,,,,,Chain Link 3/16In X10Ft Zn,,,,,,,,,,,,,,,,,,,,,,,,,,,,,,,,,,,,,,,,,,,,,,,,,,,,,,,,,,,,,,,,,,,,,,,,,,,,,,,,,,,,,,,,,,,,,,,,,,,,,,,,,,,,,,,,,,,,,,,,,,,,,,,,,,,,,,,,,,,,,,,,,,,,,,,,,,,,,,,,,,,,,,,,,,https://i.ebayimg.com/images/g/xsoAAOSwqkBh90Hg/s-l400.jpg,,,,,,,,,https://www.lsbio.com/elisakits/manualpdf/ls-f33223.pdf,,,,,,,,,,,,,,,,,,Yes
,,,,,,SL-6C760090A730,,,,49-94-0160,49-94-0160,"49-94-0160 Milw 14""x7/64""x1"" Performance+ Metal Cut Off Disc",,,,Milwaukee Accessory (4031),Milwaukee Accessory (4031),Milwaukee Accessory (4031),,49-94-0160,,,"Milwaukee Accessory (4031) Milwaukee Accessory (4031), 49-94-0160 Milw 14""x7/64""",MILWAUKEE ACCESSORY (4031) 49-94-0160 MI,"49-94-0160 Milw 14""x7/64""x1"" Performance+ Metal Cut Off Disc","49-94-0160 Milw 14""x7/64""x1"" Performance+ Metal Cut Off Disc","49-94-0160 Milw 14""x7/64""x1"" Performance+ Metal Cut Off Disc","49-94-0160 Milw 14""x7/64""x1"" Performance+ Metal Cut Off Disc",,,,,,,,,,,,,,,,,,,,,,,,,,"49-94-0160 Milw 14""x7/64""x1"" Performance+ Metal Cut Off Disc",,,,,,,,,,,,,,,,,,,,,,,,,,,,,,,,,,,,,,,,,,,,,,,,,,,,,,,,,,,,,,,,,,,,,,,,,,,,,,,,,,,,,,,,,,,,,,,,,,,,,,,,,,,,,,,,,,,,,,,,,,,,,,,,,,,,,,,,,,,,,,,,,,,,,,,,,,,,,,,,,,,,,,,,,,https://s.dkhardware.com/images/3539009/500x500/345367.webp?0862f409850291eb52d90b0d6fe05e7d,,,,,,,,,,,,,,,,,,,,,,,,,,,Yes
,,,,,,SL-9AD2CC6B3113,,,,49-94-0223,49-94-0223,"49-94-0223 Milw 6""x.045""x7/8"" Ceramic+ Metal Cut Off Disc",,,,Milwaukee Accessory (4031),Milwaukee Accessory (4031),Milwaukee Accessory (4031),,49-94-0223,,,"Milwaukee Accessory (4031) Milwaukee Accessory (4031), 49-94-0223 Milw 6""x.045""x",MILWAUKEE ACCESSORY (4031) 49-94-0223 MI,"49-94-0223 Milw 6""x.045""x7/8"" Ceramic+ Metal Cut Off Disc","49-94-0223 Milw 6""x.045""x7/8"" Ceramic+ Metal Cut Off Disc","49-94-0223 Milw 6""x.045""x7/8"" Ceramic+ Metal Cut Off Disc","49-94-0223 Milw 6""x.045""x7/8"" Ceramic+ Metal Cut Off Disc",,,,,,,,,,,,,,,,,,,,,,,,,,"49-94-0223 Milw 6""x.045""x7/8"" Ceramic+ Metal Cut Off Disc",,,,,,,,,,,,,,,,,,,,,,,,,,,,,,,,,,,,,,,,,,,,,,,,,,,,,,,,,,,,,,,,,,,,,,,,,,,,,,,,,,,,,,,,,,,,,,,,,,,,,,,,,,,,,,,,,,,,,,,,,,,,,,,,,,,,,,,,,,,,,,,,,,,,,,,,,,,,,,,,,,,,,,,,,,https://d2yn8sruhmqjt4.cloudfront.net/userfiles/images/inriver/preview/665232_mil49940223.jpg,,,,,,,,,,,,,,,,,,,,,,,,,,,Yes
,,,,,,SL-902F5792F835,,,,YQ95215,YQ95215,BELT SAND 5/16X1IN 80GRIT,Makita,,,,Makita,Makita,,YQ95215,,,"Makita Makita Professional BELT SAND 5/16X1IN 80GRIT, Model YQ95215",MAKITA BELT SAND 5/16X1IN 80GRIT YQ95215,BELT SAND 5/16X1IN 80GRIT,BELT SAND 5/16X1IN 80GRIT,BELT SAND 5/16X1IN 80GRIT,BELT SAND 5/16X1IN 80GRIT,,,,,,,,,,,,,,,,,,,,,,,,,,BELT SAND 5/16X1IN 80GRIT,,,,,,,,,,,,,,,,,,,,,,,,,,,,,,,,,,,,,,,,,,,,,,,,,,,,,,,,,,,,,,,,,,,,,,,,,,,,,,,,,,,,,,,,,,,,,,,,,,,,,,,,,,,,,,,,,,,,,,,,,,,,,,,,,,,,,,,,,,,,,,,,,,,,,,,,,,,,,,,,,,,,,,,,,,https://whidegroup.com/wp-content/uploads/creative-photography-4-large.png,,,,,,,,,https://device.report/,,,,,,,,,,,,,,,,,,Yes
,,,,,,SL-045A8D006941,,,,ZL89415,ZL89415,Primer Plastic Pipe Purple,3H Fasteners,,3H FASTENER CO,,3H Fasteners,3H Fasteners,,ZL89415,,,"3H Fasteners 3H Fasteners, Primer Plastic Pipe Purple, ZL89415",3H FASTENERS PRIMER PLASTIC PIPE PURPLE,Primer Plastic Pipe Purple,Primer Plastic Pipe Purple,Primer Plastic Pipe Purple,Primer Plastic Pipe Purple,,,,,,,,,,,,,,,,,,,,,,,,,,Primer Plastic Pipe Purple,,,,,,,,,,,,,,,,,,,,,,,,,,,,,,,,,,,,,,,,,,,,,,,,,,,,,,,,,,,,,,,,,,,,,,,,,,,,,,,,,,,,,,,,,,,,,,,,,,,,,,,,,,,,,,,,,,,,,,,,,,,,,,,,,,,,,,,,,,,,,,,,,,,,,,,,,,,,,,,,,,,,,,,,,,https://claid.ai/static/cf9ee662016823f47ecec8bb3568ac2a/965a3/Best_A_Itools_blog_cover_3586302378.png,,,,,,,,,,,,,,,,,,,,,,,,,,,Yes
https://www.homedepot.com/p/Milwaukee-10-in-x-3-32-in-x-5-8-in-Performance-Plus-Metal-Cut-Off-Wheel-Type-1-49-94-0445/339905502,,,,,,SL-B31B1DCA593D,,,,49-94-0445,49-94-0445,"49-94-0445 Milw 10""x3/32""x5/8"" Performance+ Metal Cut Off Disc",,,,Milwaukee Accessory (4031),Milwaukee Accessory (4031),Milwaukee Accessory (4031),,49-94-0445,,,"Milwaukee Accessory (4031) Milwaukee Accessory (4031), 49-94-0445 Milw 10""x3/32""",MILWAUKEE ACCESSORY (4031) 49-94-0445 MI,"49-94-0445 Milw 10""x3/32""x5/8"" Performance+ Metal Cut Off Disc","49-94-0445 Milw 10""x3/32""x5/8"" Performance+ Metal Cut Off Disc","49-94-0445 Milw 10""x3/32""x5/8"" Performance+ Metal Cut Off Disc","49-94-0445 Milw 10""x3/32""x5/8"" Performance+ Metal Cut Off Disc",,,,,,,,,,,,,,,,,,,,,,,,,,"49-94-0445 Milw 10""x3/32""x5/8"" Performance+ Metal Cut Off Disc",,,,,,,,,,,,,,,,,,,,,,,,,,,,,,,,,,,,,,,,,,,,,,,,,,,,,,,,,,,,,,,,,,,,,,,,,,,,,,,,,,,,,,,,,,,,,,,,,,,,,,,,,,,,,,,,,,,,,,,,,,,,,,,,,,,,,,,,,,,,,,,,,,,,,,,,,,,,,,,,,,,,,,,,,,https://s.dkhardware.com/images/3539012/500x500/352467.webp?475549ed04d2709a49a730e98a7874b9,,,,,,,,,https://susacdn.azureedge.net/specsheets/Milwaukee/49-94-0003.pdf,,,,,,,,,,,,,,,,,,Yes
,,,,,,SL-D79C679C505D,,,,VH84177,VH84177,WIRE BRUSH CUP 1/2IN CRS,3M PPE DIV,3M Safety,,,3M PPE DIV,3M PPE DIV,,VH84177,,,"3M PPE DIV 3M PPE DIV Professional WIRE BRUSH CUP 1/2IN CRS, Model VH84177",3M PPE DIV WIRE BRUSH CUP 1/2IN CRS VH84,WIRE BRUSH CUP 1/2IN CRS,WIRE BRUSH CUP 1/2IN CRS,WIRE BRUSH CUP 1/2IN CRS,WIRE BRUSH CUP 1/2IN CRS,,,,,,,,,,,,,,,,,,,,,,,,,,WIRE BRUSH CUP 1/2IN CRS,,,,,,,,,,,,,,,,,,,,,,,,,,,,,,,,,,,,,,,,,,,,,,,,,,,,,,,,,,,,,,,,,,,,,,,,,,,,,,,,,,,,,,,,,,,,,,,,,,,,,,,,,,,,,,,,,,,,,,,,,,,,,,,,,,,,,,,,,,,,,,,,,,,,,,,,,,,,,,,,,,,,,,,,,,https://www.trashop.eu/images/product_images/original_images/h84177.jpg,,,,,,,,,https://cdn.blueally.com/servercomputeworks/datasheets/p84177-b25-msa2070-gen7-ds.pdf,,,,,,,,,,,,,,,,,,Yes
,,,,,,SL-F5C6413B9763,,,,49-94-0803,49-94-0803,"49-94-0803 Milw 4-1/2""x1/8""x7/8"" Dual Metal Cut and Grind Disc",,,,Milwaukee Accessory (4031),Milwaukee Accessory (4031),Milwaukee Accessory (4031),,49-94-0803,,,"Milwaukee Accessory (4031) Milwaukee Accessory (4031), 49-94-0803 Milw 4-1/2""x1/",MILWAUKEE ACCESSORY (4031) 49-94-0803 MI,"49-94-0803 Milw 4-1/2""x1/8""x7/8"" Dual Metal Cut and Grind Disc","49-94-0803 Milw 4-1/2""x1/8""x7/8"" Dual Metal Cut and Grind Disc","49-94-0803 Milw 4-1/2""x1/8""x7/8"" Dual Metal Cut and Grind Disc","49-94-0803 Milw 4-1/2""x1/8""x7/8"" Dual Metal Cut and Grind Disc",,,,,,,,,,,,,,,,,,,,,,,,,,"49-94-0803 Milw 4-1/2""x1/8""x7/8"" Dual Metal Cut and Grind Disc",,,,,,,,,,,,,,,,,,,,,,,,,,,,,,,,,,,,,,,,,,,,,,,,,,,,,,,,,,,,,,,,,,,,,,,,,,,,,,,,,,,,,,,,,,,,,,,,,,,,,,,,,,,,,,,,,,,,,,,,,,,,,,,,,,,,,,,,,,,,,,,,,,,,,,,,,,,,,,,,,,,,,,,,,,https://s.dkhardware.com/images/3539029/500x500/378560.webp?10fc3216af66bd338586141c157370a5,,,,,,,,,https://s3.amazonaws.com/s3.supplyhouse.com/product_files/Milwaukee_49-94-0103_Brochure_4.12.26.pdf,,,,,,,,,,,,,,,,,,Yes
,,,,,,SL-87C6A3F34F5A,,,,5K67080,5K67080,Wheel Grind 1-1/4Inx1/4 A24,THE TIMKEN COMPANY,Timken Co,TBD,,THE TIMKEN COMPANY,THE TIMKEN COMPANY,,5K67080,,,"THE TIMKEN COMPANY THE TIMKEN COMPANY, Wheel Grind 1-1/4Inx1/4 A24, 5K67080",THE TIMKEN COMPANY WHEEL GRIND 1-1/4INX1,Wheel Grind 1-1/4Inx1/4 A24,Wheel Grind 1-1/4Inx1/4 A24,Wheel Grind 1-1/4Inx1/4 A24,Wheel Grind 1-1/4Inx1/4 A24,,,,,,,,,,,,,,,,,,,,,,,,,,Wheel Grind 1-1/4Inx1/4 A24,,,,,,,,,,,,,,,,,,,,,,,,,,,,,,,,,,,,,,,,,,,,,,,,,,,,,,,,,,,,,,,,,,,,,,,,,,,,,,,,,,,,,,,,,,,,,,,,,,,,,,,,,,,,,,,,,,,,,,,,,,,,,,,,,,,,,,,,,,,,,,,,,,,,,,,,,,,,,,,,,,,,,,,,,,https://cloudfront.slrlounge.com/wp-content/uploads/2022/06/best-product-photography-backdrops-v-flat-world-feature.jpg,,,,,,,,,,,,,,,,,,,,,,,,,,,Yes
,,,,,,SL-0A317321A9B9,,,,4R8613,4R8613,BRACKET SHELF L-TYPE 6IN,,,nan,CHANNELLOCK INC,CHANNELLOCK INC,CHANNELLOCK INC,,4R8613,,,"CHANNELLOCK INC CHANNELLOCK INC, BRACKET SHELF L-TYPE 6IN, 4R8613",CHANNELLOCK INC BRACKET SHELF L-TYPE 6IN,BRACKET SHELF L-TYPE 6IN,BRACKET SHELF L-TYPE 6IN,BRACKET SHELF L-TYPE 6IN,BRACKET SHELF L-TYPE 6IN,,,,,,,,,,,,,,,,,,,,,,,,,,BRACKET SHELF L-TYPE 6IN,,,,,,,,,,,,,,,,,,,,,,,,,,,,,,,,,,,,,,,,,,,,,,,,,,,,,,,,,,,,,,,,,,,,,,,,,,,,,,,,,,,,,,,,,,,,,,,,,,,,,,,,,,,,,,,,,,,,,,,,,,,,,,,,,,,,,,,,,,,,,,,,,,,,,,,,,,,,,,,,,,,,,,,,,,https://shop.channellock.com/cdn/shop/files/pf5kxu4sy418gtn9e0i8.jpg?v=1702386021&width=990,,,,,,,,,,,,,,,,,,,,,,,,,,,Yes
,,,,,,SL-DF59D9B0BD5D,,,,49-94-0903,49-94-0903,"49-94-0903 Milw 4-1/2""x1/8""x7/8""Perform+Dual Metal Cut and Grind Disc",,,,Milwaukee Accessory (4031),Milwaukee Accessory (4031),Milwaukee Accessory (4031),,49-94-0903,,,"Milwaukee Accessory (4031) Milwaukee Accessory (4031), 49-94-0903 Milw 4-1/2""x1/",MILWAUKEE ACCESSORY (4031) 49-94-0903 MI,"49-94-0903 Milw 4-1/2""x1/8""x7/8""Perform+Dual Metal Cut and Grind Disc","49-94-0903 Milw 4-1/2""x1/8""x7/8""Perform+Dual Metal Cut and Grind Disc","49-94-0903 Milw 4-1/2""x1/8""x7/8""Perform+Dual Metal Cut and Grind Disc","49-94-0903 Milw 4-1/2""x1/8""x7/8""Perform+Dual Metal Cut and Grind Disc",,,,,,,,,,,,,,,,,,,,,,,,,,"49-94-0903 Milw 4-1/2""x1/8""x7/8""Perform+Dual Metal Cut and Grind Disc",,,,,,,,,,,,,,,,,,,,,,,,,,,,,,,,,,,,,,,,,,,,,,,,,,,,,,,,,,,,,,,,,,,,,,,,,,,,,,,,,,,,,,,,,,,,,,,,,,,,,,,,,,,,,,,,,,,,,,,,,,,,,,,,,,,,,,,,,,,,,,,,,,,,,,,,,,,,,,,,,,,,,,,,,,https://cms.grupoferrepat.net/assets/img/productos/M49-94-0903_1.webp,,,,,,,,,https://s3.amazonaws.com/s3.supplyhouse.com/product_files/Milwaukee_49-94-0103_Brochure_4.12.26.pdf,,,,,,,,,,,,,,,,,,Yes
,,,,,,SL-C3A03FD9BD48,,,,49-94-0907,49-94-0907,"49-94-0907 Milw 4-1/2""x1/8""x5/8-11""Perform+Dual Metal Cut n Grind Disc",,,,Milwaukee Accessory (4031),Milwaukee Accessory (4031),Milwaukee Accessory (4031),,49-94-0907,,,"Milwaukee Accessory (4031) Milwaukee Accessory (4031), 49-94-0907 Milw 4-1/2""x1/",MILWAUKEE ACCESSORY (4031) 49-94-0907 MI,"49-94-0907 Milw 4-1/2""x1/8""x5/8-11""Perform+Dual Metal Cut n Grind Disc","49-94-0907 Milw 4-1/2""x1/8""x5/8-11""Perform+Dual Metal Cut n Grind Disc","49-94-0907 Milw 4-1/2""x1/8""x5/8-11""Perform+Dual Metal Cut n Grind Disc","49-94-0907 Milw 4-1/2""x1/8""x5/8-11""Perform+Dual Metal Cut n Grind Disc",,,,,,,,,,,,,,,,,,,,,,,,,,"49-94-0907 Milw 4-1/2""x1/8""x5/8-11""Perform+Dual Metal Cut n Grind Disc",,,,,,,,,,,,,,,,,,,,,,,,,,,,,,,,,,,,,,,,,,,,,,,,,,,,,,,,,,,,,,,,,,,,,,,,,,,,,,,,,,,,,,,,,,,,,,,,,,,,,,,,,,,,,,,,,,,,,,,,,,,,,,,,,,,,,,,,,,,,,,,,,,,,,,,,,,,,,,,,,,,,,,,,,,https://images.thdstatic.com/productImages/01de37bb-3dab-4873-92e6-4f04145d1736/svn/milwaukee-grinding-wheels-49-94-0907-64_1000.jpg,,,,,,,,,https://www.milwaukeetool.com/-/media/PDFs/Objective-Data/2026_Bonded-Abrasives_Solutions-Guide.pdf,,,,,,,,,,,,,,,,,,Yes
,,,,,,SL-58229CC8FF82,,,,9NF4954,9NF4954,Saw Circ 7-1/4In 15A,nan,SWAGELOK CO,,Swagelok,Swagelok,Swagelok,,9NF4954,,,"Swagelok Swagelok Professional Saw Circ 7-1/4In 15A, Model 9NF4954",SWAGELOK SAW CIRC 7-1/4IN 15A 9NF4954,Saw Circ 7-1/4In 15A,Saw Circ 7-1/4In 15A,Saw Circ 7-1/4In 15A,Saw Circ 7-1/4In 15A,,,,,,,,,,,,,,,,,,,,,,,,,,Saw Circ 7-1/4In 15A,,,,,,,,,,,,,,,,,,,,,,,,,,,,,,,,,,,,,,,,,,,,,,,,,,,,,,,,,,,,,,,,,,,,,,,,,,,,,,,,,,,,,,,,,,,,,,,,,,,,,,,,,,,,,,,,,,,,,,,,,,,,,,,,,,,,,,,,,,,,,,,,,,,,,,,,,,,,,,,,,,,,,,,,,,https://www.swagelok.com/-/media/distributor-media/t-z/thailand/swagelok-thailand-2024/products-2024/fitting/cone-and-thread.ashx,,,,,,,,,,,,,,,,,,,,,,,,,,,Yes
,,,,,,SL-6F3A81B8D086,,,,49-94-0923,49-94-0923,"49-94-0923 Milw 6""x1/8""x7/8"" Perform+Dual Metal Cut and Grind Disc",,,,Milwaukee Accessory (4031),Milwaukee Accessory (4031),Milwaukee Accessory (4031),,49-94-0923,,,"Milwaukee Accessory (4031) Milwaukee Accessory (4031), 49-94-0923 Milw 6""x1/8""x7",MILWAUKEE ACCESSORY (4031) 49-94-0923 MI,"49-94-0923 Milw 6""x1/8""x7/8"" Perform+Dual Metal Cut and Grind Disc","49-94-0923 Milw 6""x1/8""x7/8"" Perform+Dual Metal Cut and Grind Disc","49-94-0923 Milw 6""x1/8""x7/8"" Perform+Dual Metal Cut and Grind Disc","49-94-0923 Milw 6""x1/8""x7/8"" Perform+Dual Metal Cut and Grind Disc",,,,,,,,,,,,,,,,,,,,,,,,,,"49-94-0923 Milw 6""x1/8""x7/8"" Perform+Dual Metal Cut and Grind Disc",,,,,,,,,,,,,,,,,,,,,,,,,,,,,,,,,,,,,,,,,,,,,,,,,,,,,,,,,,,,,,,,,,,,,,,,,,,,,,,,,,,,,,,,,,,,,,,,,,,,,,,,,,,,,,,,,,,,,,,,,,,,,,,,,,,,,,,,,,,,,,,,,,,,,,,,,,,,,,,,,,,,,,,,,,https://static.grainger.com/rp/s/is/image/Grainger/49-94-0923_6__HOZG_v1,,,,,,,,,,,,,,,,,,,,,,,,,,,Yes
,,,,,,SL-EE1D59F7F03A,,,,Z696632,Z696632,Impact Drvr 18V Brushless,TBD,NOT SPECIFIED,nan,PERMATEX INC,PERMATEX INC,PERMATEX INC,,Z696632,,,"PERMATEX INC PERMATEX INC, Impact Drvr 18V Brushless, Z696632",PERMATEX INC IMPACT DRVR 18V BRUSHLESS Z,Impact Drvr 18V Brushless,Impact Drvr 18V Brushless,Impact Drvr 18V Brushless,Impact Drvr 18V Brushless,,,,,,,,,,,,,,,,,,,,,,,,,,Impact Drvr 18V Brushless,,,,,,,,,,,,,,,,,,,,,,,,,,,,,,,,,,,,,,,,,,,,,,,,,,,,,,,,,,,,,,,,,,,,,,,,,,,,,,,,,,,,,,,,,,,,,,,,,,,,,,,,,,,,,,,,,,,,,,,,,,,,,,,,,,,,,,,,,,,,,,,,,,,,,,,,,,,,,,,,,,,,,,,,,,https://www.permatex.com/wp-content/uploads/2021/11/Permatex-2020-New-Products-scaled-2-1200x1200-cropped.jpg,,,,,,,,,,,,,,,,,,,,,,,,,,,Yes
,,,,,,SL-BDB01845F17B,,,,49-94-1900,49-94-1900,"49-94-1900 Milw 4""x1/8""x5/8"" Masonry Cut Off Disc",,,,Milwaukee Accessory (4031),Milwaukee Accessory (4031),Milwaukee Accessory (4031),,49-94-1900,,,"Milwaukee Accessory (4031) Milwaukee Accessory (4031), 49-94-1900 Milw 4""x1/8""x5",MILWAUKEE ACCESSORY (4031) 49-94-1900 MI,"49-94-1900 Milw 4""x1/8""x5/8"" Masonry Cut Off Disc","49-94-1900 Milw 4""x1/8""x5/8"" Masonry Cut Off Disc","49-94-1900 Milw 4""x1/8""x5/8"" Masonry Cut Off Disc","49-94-1900 Milw 4""x1/8""x5/8"" Masonry Cut Off Disc",,,,,,,,,,,,,,,,,,,,,,,,,,"49-94-1900 Milw 4""x1/8""x5/8"" Masonry Cut Off Disc",,,,,,,,,,,,,,,,,,,,,,,,,,,,,,,,,,,,,,,,,,,,,,,,,,,,,,,,,,,,,,,,,,,,,,,,,,,,,,,,,,,,,,,,,,,,,,,,,,,,,,,,,,,,,,,,,,,,,,,,,,,,,,,,,,,,,,,,,,,,,,,,,,,,,,,,,,,,,,,,,,,,,,,,,,https://www.acmetools.com/on/demandware.static/-/Sites-acme-catalog-m-en/default/dw1660782e/images/images/catalog/product/S0000000118708/milwaukee-4-inch-x-18-inch-x-58-inch-masonry-cut-off-wheel-type-1-49-94-1900.jpg,,,,,,,,,,,,,,,,,,,,,,,,,,,Yes
,,,,,,SL-DD249E8DFA3A,,,,T988222,T988222,Lug Compression 4/0Awg,SQUARE-D,Square D,Square D by Schneider,,SQUARE-D,SQUARE-D,,T988222,,,"SQUARE-D SQUARE-D Professional Lug Compression 4/0Awg, Model T988222",SQUARE-D LUG COMPRESSION 4/0AWG T988222,Lug Compression 4/0Awg,Lug Compression 4/0Awg,Lug Compression 4/0Awg,Lug Compression 4/0Awg,,,,,,,,,,,,,,,,,,,,,,,,,,Lug Compression 4/0Awg,,,,,,,,,,,,,,,,,,,,,,,,,,,,,,,,,,,,,,,,,,,,,,,,,,,,,,,,,,,,,,,,,,,,,,,,,,,,,,,,,,,,,,,,,,,,,,,,,,,,,,,,,,,,,,,,,,,,,,,,,,,,,,,,,,,,,,,,,,,,,,,,,,,,,,,,,,,,,,,,,,,,,,,,,,https://whidegroup.com/wp-content/uploads/creative-photography-4-large.png,,,,,,,,,,,,,,,,,,,,,,,,,,,Yes
,,,,,,SL-0E930A4B2B16,,,,49-94-1905,49-94-1905,"49-94-1905 Milw 4-1/2""x1/8""x7/8"" Masonry Cut Off Disc",,,,Milwaukee Accessory (4031),Milwaukee Accessory (4031),Milwaukee Accessory (4031),,49-94-1905,,,"Milwaukee Accessory (4031) Milwaukee Accessory (4031), 49-94-1905 Milw 4-1/2""x1/",MILWAUKEE ACCESSORY (4031) 49-94-1905 MI,"49-94-1905 Milw 4-1/2""x1/8""x7/8"" Masonry Cut Off Disc","49-94-1905 Milw 4-1/2""x1/8""x7/8"" Masonry Cut Off Disc","49-94-1905 Milw 4-1/2""x1/8""x7/8"" Masonry Cut Off Disc","49-94-1905 Milw 4-1/2""x1/8""x7/8"" Masonry Cut Off Disc",,,,,,,,,,,,,,,,,,,,,,,,,,"49-94-1905 Milw 4-1/2""x1/8""x7/8"" Masonry Cut Off Disc",,,,,,,,,,,,,,,,,,,,,,,,,,,,,,,,,,,,,,,,,,,,,,,,,,,,,,,,,,,,,,,,,,,,,,,,,,,,,,,,,,,,,,,,,,,,,,,,,,,,,,,,,,,,,,,,,,,,,,,,,,,,,,,,,,,,,,,,,,,,,,,,,,,,,,,,,,,,,,,,,,,,,,,,,,https://images.thdstatic.com/productImages/fc4458b6-bfd7-446d-a43e-5fe1be69f967/svn/milwaukee-cut-off-wheels-49-94-1905-64_1000.jpg,,,,,,,,,,,,,,,,,,,,,,,,,,,Yes
,,,,,,SL-1F5C7EA4332D,,,,J723446,J723446,Tee Copper 1/4In Swt,TBD,,3M CO,3-M,3-M,3-M,,J723446,,,"3-M 3-M Professional Tee Copper 1/4In Swt, Model J723446",3-M TEE COPPER 1/4IN SWT J723446,Tee Copper 1/4In Swt,Tee Copper 1/4In Swt,Tee Copper 1/4In Swt,Tee Copper 1/4In Swt,,,,,,,,,,,,,,,,,,,,,,,,,,Tee Copper 1/4In Swt,,,,,,,,,,,,,,,,,,,,,,,,,,,,,,,,,,,,,,,,,,,,,,,,,,,,,,,,,,,,,,,,,,,,,,,,,,,,,,,,,,,,,,,,,,,,,,,,,,,,,,,,,,,,,,,,,,,,,,,,,,,,,,,,,,,,,,,,,,,,,,,,,,,,,,,,,,,,,,,,,,,,,,,,,,https://msmartefekt.com/wp-content/uploads/2021/05/img-926-otreznoj-krug-3m-silver-t41-230h3h22mm-51806.png,,,,,,,,,,,,,,,,,,,,,,,,,,,Yes
,,,,,,SL-11ABEE33B1F6,,,,49-94-1915,49-94-1915,"49-94-1915 Milw 6-1/2""x1/8""x5/8"" DKO Masonry Cut Off Disc",,,,Milwaukee Accessory (4031),Milwaukee Accessory (4031),Milwaukee Accessory (4031),,49-94-1915,,,"Milwaukee Accessory (4031) Milwaukee Accessory (4031), 49-94-1915 Milw 6-1/2""x1/",MILWAUKEE ACCESSORY (4031) 49-94-1915 MI,"49-94-1915 Milw 6-1/2""x1/8""x5/8"" DKO Masonry Cut Off Disc","49-94-1915 Milw 6-1/2""x1/8""x5/8"" DKO Masonry Cut Off Disc","49-94-1915 Milw 6-1/2""x1/8""x5/8"" DKO Masonry Cut Off Disc","49-94-1915 Milw 6-1/2""x1/8""x5/8"" DKO Masonry Cut Off Disc",,,,,,,,,,,,,,,,,,,,,,,,,,"49-94-1915 Milw 6-1/2""x1/8""x5/8"" DKO Masonry Cut Off Disc",,,,,,,,,,,,,,,,,,,,,,,,,,,,,,,,,,,,,,,,,,,,,,,,,,,,,,,,,,,,,,,,,,,,,,,,,,,,,,,,,,,,,,,,,,,,,,,,,,,,,,,,,,,,,,,,,,,,,,,,,,,,,,,,,,,,,,,,,,,,,,,,,,,,,,,,,,,,,,,,,,,,,,,,,,https://d2yn8sruhmqjt4.cloudfront.net/userfiles/images/inriver/preview/664802_mil49941915.jpg,,,,,,,,,,,,,,,,,,,,,,,,,,,Yes
,,,,,,SL-19F9D3C9D75B,,,,DK29555,DK29555,Conn Butt Splice 16-14Awg,MSA Safety,,nan,Mine Safety Appliances,Mine Safety Appliances,Mine Safety Appliances,,DK29555,,,"Mine Safety Appliances Mine Safety Appliances, Conn Butt Splice 16-14Awg, DK2955",MINE SAFETY APPLIANCES CONN BUTT SPLICE,Conn Butt Splice 16-14Awg,Conn Butt Splice 16-14Awg,Conn Butt Splice 16-14Awg,Conn Butt Splice 16-14Awg,,,,,,,,,,,,,,,,,,,,,,,,,,Conn Butt Splice 16-14Awg,,,,,,,,,,,,,,,,,,,,,,,,,,,,,,,,,,,,,,,,,,,,,,,,,,,,,,,,,,,,,,,,,,,,,,,,,,,,,,,,,,,,,,,,,,,,,,,,,,,,,,,,,,,,,,,,,,,,,,,,,,,,,,,,,,,,,,,,,,,,,,,,,,,,,,,,,,,,,,,,,,,,,,,,,,https://img.directindustry.com/images_di/photo-g/17034-5924649.jpg,,,,,,,,,,,,,,,,,,,,,,,,,,,Yes
,,,,,,SL-EC37D5620205,,,,49-94-1920,49-94-1920,"49-94-1920 Milw 7""x1/8""x5/8"" DKO Masonry Cut Off Disc",,,,Milwaukee Accessory (4031),Milwaukee Accessory (4031),Milwaukee Accessory (4031),,49-94-1920,,,"Milwaukee Accessory (4031) Milwaukee Accessory (4031), 49-94-1920 Milw 7""x1/8""x5",MILWAUKEE ACCESSORY (4031) 49-94-1920 MI,"49-94-1920 Milw 7""x1/8""x5/8"" DKO Masonry Cut Off Disc","49-94-1920 Milw 7""x1/8""x5/8"" DKO Masonry Cut Off Disc","49-94-1920 Milw 7""x1/8""x5/8"" DKO Masonry Cut Off Disc","49-94-1920 Milw 7""x1/8""x5/8"" DKO Masonry Cut Off Disc",,,,,,,,,,,,,,,,,,,,,,,,,,"49-94-1920 Milw 7""x1/8""x5/8"" DKO Masonry Cut Off Disc",,,,,,,,,,,,,,,,,,,,,,,,,,,,,,,,,,,,,,,,,,,,,,,,,,,,,,,,,,,,,,,,,,,,,,,,,,,,,,,,,,,,,,,,,,,,,,,,,,,,,,,,,,,,,,,,,,,,,,,,,,,,,,,,,,,,,,,,,,,,,,,,,,,,,,,,,,,,,,,,,,,,,,,,,,https://images.thdstatic.com/productImages/2f4ed039-9a08-4183-9521-98b9f9988b55/svn/milwaukee-cut-off-wheels-49-94-1920-64_600.jpg,,,,,,,,,,,,,,,,,,,,,,,,,,,Yes
,,,,,,SL-E9D5EE859A05,,,,4V8025,4V8025,HOOK CEILING SCREW-IN 2IN,,Schneider Electric,NOT SPECIFIED,Schneider Elec,Schneider Elec,Schneider Elec,,4V8025,,,"Schneider Elec Schneider Elec, HOOK CEILING SCREW-IN 2IN, 4V8025",SCHNEIDER ELEC HOOK CEILING SCREW-IN 2IN,HOOK CEILING SCREW-IN 2IN,HOOK CEILING SCREW-IN 2IN,HOOK CEILING SCREW-IN 2IN,HOOK CEILING SCREW-IN 2IN,,,,,,,,,,,,,,,,,,,,,,,,,,HOOK CEILING SCREW-IN 2IN,,,,,,,,,,,,,,,,,,,,,,,,,,,,,,,,,,,,,,,,,,,,,,,,,,,,,,,,,,,,,,,,,,,,,,,,,,,,,,,,,,,,,,,,,,,,,,,,,,,,,,,,,,,,,,,,,,,,,,,,,,,,,,,,,,,,,,,,,,,,,,,,,,,,,,,,,,,,,,,,,,,,,,,,,,https://tsl-me.com/media/catalog/product/cache/05e632fc69490eb030004993d51b3d1a/4/8/48025_bgjurnnoxh7rjfrc.webp,,,,,,,,,,,,,,,,,,,,,,,,,,,Yes
,,,,,,SL-F3C0565C853C,,,,49-94-1925,49-94-1925,"49-94-1925 Milw 10""x1/8""x5/8"" Masonry Cut Off Disc",,,,Milwaukee Accessory (4031),Milwaukee Accessory (4031),Milwaukee Accessory (4031),,49-94-1925,,,"Milwaukee Accessory (4031) Milwaukee Accessory (4031), 49-94-1925 Milw 10""x1/8""x",MILWAUKEE ACCESSORY (4031) 49-94-1925 MI,"49-94-1925 Milw 10""x1/8""x5/8"" Masonry Cut Off Disc","49-94-1925 Milw 10""x1/8""x5/8"" Masonry Cut Off Disc","49-94-1925 Milw 10""x1/8""x5/8"" Masonry Cut Off Disc","49-94-1925 Milw 10""x1/8""x5/8"" Masonry Cut Off Disc",,,,,,,,,,,,,,,,,,,,,,,,,,"49-94-1925 Milw 10""x1/8""x5/8"" Masonry Cut Off Disc",,,,,,,,,,,,,,,,,,,,,,,,,,,,,,,,,,,,,,,,,,,,,,,,,,,,,,,,,,,,,,,,,,,,,,,,,,,,,,,,,,,,,,,,,,,,,,,,,,,,,,,,,,,,,,,,,,,,,,,,,,,,,,,,,,,,,,,,,,,,,,,,,,,,,,,,,,,,,,,,,,,,,,,,,,https://www.pcstools.com/product-images/Milwaukee-49-94-1925_01.jpg?resizeid=36&resizeh=510&resizew=510,,,,,,,,,,,,,,,,,,,,,,,,,,,Yes
,,,,,,SL-E92918DC1289,,,,2487832,2487832,BREAKER 1P 15A 120V,NOT SPECIFIED,Lincoln Electric Co,Lincoln Electric,,NOT SPECIFIED,NOT SPECIFIED,,2487832,,,"NOT SPECIFIED NOT SPECIFIED Professional BREAKER 1P 15A 120V, Model 2487832",NOT SPECIFIED BREAKER 1P 15A 120V 248783,BREAKER 1P 15A 120V,BREAKER 1P 15A 120V,BREAKER 1P 15A 120V,BREAKER 1P 15A 120V,,,,,,,,,,,,,,,,,,,,,,,,,,BREAKER 1P 15A 120V,,,,,,,,,,,,,,,,,,,,,,,,,,,,,,,,,,,,,,,,,,,,,,,,,,,,,,,,,,,,,,,,,,,,,,,,,,,,,,,,,,,,,,,,,,,,,,,,,,,,,,,,,,,,,,,,,,,,,,,,,,,,,,,,,,,,,,,,,,,,,,,,,,,,,,,,,,,,,,,,,,,,,,,,,,https://cdn1.jolicloset.com/imgr/full/2025/09/2487832-1/brown-christian-dior-shoulder-bag-leather-gray-auth-ti3384-handbags.jpg,,,,,,,,,,,,,,,,,,,,,,,,,,,Yes
,,,,,,SL-FFEAC1B6C203,,,,QKT3330,QKT3330,SOCKET DEEP 1/2DR 4IN,MAKITA USA,Makita Corp,,Makita,Makita,Makita,,QKT3330,,,"Makita Makita Professional SOCKET DEEP 1/2DR 4IN, Model QKT3330",MAKITA SOCKET DEEP 1/2DR 4IN QKT3330,SOCKET DEEP 1/2DR 4IN,SOCKET DEEP 1/2DR 4IN,SOCKET DEEP 1/2DR 4IN,SOCKET DEEP 1/2DR 4IN,,,,,,,,,,,,,,,,,,,,,,,,,,SOCKET DEEP 1/2DR 4IN,,,,,,,,,,,,,,,,,,,,,,,,,,,,,,,,,,,,,,,,,,,,,,,,,,,,,,,,,,,,,,,,,,,,,,,,,,,,,,,,,,,,,,,,,,,,,,,,,,,,,,,,,,,,,,,,,,,,,,,,,,,,,,,,,,,,,,,,,,,,,,,,,,,,,,,,,,,,,,,,,,,,,,,,,,https://makita.in/wp-content/uploads/2025/02/Rescue-catalogue-01.jpg,,,,,,,,,,,,,,,,,,,,,,,,,,,Yes
,,,,,,SL-888B59F8A8F3,,,,49-94-1935,49-94-1935,"49-94-1935 Milw 12""x1/8""x1"" Masonry Cut Off Disc",,,,Milwaukee Accessory (4031),Milwaukee Accessory (4031),Milwaukee Accessory (4031),,49-94-1935,,,"Milwaukee Accessory (4031) Milwaukee Accessory (4031), 49-94-1935 Milw 12""x1/8""x",MILWAUKEE ACCESSORY (4031) 49-94-1935 MI,"49-94-1935 Milw 12""x1/8""x1"" Masonry Cut Off Disc","49-94-1935 Milw 12""x1/8""x1"" Masonry Cut Off Disc","49-94-1935 Milw 12""x1/8""x1"" Masonry Cut Off Disc","49-94-1935 Milw 12""x1/8""x1"" Masonry Cut Off Disc",,,,,,,,,,,,,,,,,,,,,,,,,,"49-94-1935 Milw 12""x1/8""x1"" Masonry Cut Off Disc",,,,,,,,,,,,,,,,,,,,,,,,,,,,,,,,,,,,,,,,,,,,,,,,,,,,,,,,,,,,,,,,,,,,,,,,,,,,,,,,,,,,,,,,,,,,,,,,,,,,,,,,,,,,,,,,,,,,,,,,,,,,,,,,,,,,,,,,,,,,,,,,,,,,,,,,,,,,,,,,,,,,,,,,,,https://www.zoro.com/static/cms/product/large/3916a865-8440-4178-89c8-87a88bf9289d.jpeg,,,,,,,,,https://s3.amazonaws.com/s3.supplyhouse.com/product_files/Milwaukee_49-94-0103_Brochure_4.12.26.pdf,,,,,,,,,,,,,,,,,,Yes
,,,,,,SL-98BFF9AE9FF5,,,,49-94-1940,49-94-1940,"49-94-1940 Milw 14""x1/8""x1"" Masonry Cut Off Disc",,,,Milwaukee Accessory (4031),Milwaukee Accessory (4031),Milwaukee Accessory (4031),,49-94-1940,,,"Milwaukee Accessory (4031) Milwaukee Accessory (4031), 49-94-1940 Milw 14""x1/8""x",MILWAUKEE ACCESSORY (4031) 49-94-1940 MI,"49-94-1940 Milw 14""x1/8""x1"" Masonry Cut Off Disc","49-94-1940 Milw 14""x1/8""x1"" Masonry Cut Off Disc","49-94-1940 Milw 14""x1/8""x1"" Masonry Cut Off Disc","49-94-1940 Milw 14""x1/8""x1"" Masonry Cut Off Disc",,,,,,,,,,,,,,,,,,,,,,,,,,"49-94-1940 Milw 14""x1/8""x1"" Masonry Cut Off Disc",,,,,,,,,,,,,,,,,,,,,,,,,,,,,,,,,,,,,,,,,,,,,,,,,,,,,,,,,,,,,,,,,,,,,,,,,,,,,,,,,,,,,,,,,,,,,,,,,,,,,,,,,,,,,,,,,,,,,,,,,,,,,,,,,,,,,,,,,,,,,,,,,,,,,,,,,,,,,,,,,,,,,,,,,,https://images.thdstatic.com/productImages/0764e6c1-7f85-4eb2-a970-7ff3d1c327b5/svn/milwaukee-grinding-wheels-49-94-1940-64_1000.jpg,,,,,,,,,,,,,,,,,,,,,,,,,,,Yes
https://www.amazon.com/Lawn-Mower-Blade-Replaces-742-0543/dp/B0FJFZRYWK,,,,,,SL-22A34860A4D4,,,,7420543,7420543,PRIMER PLASTIC PIPE PURPLE,3H FASTENER CO,3H Fasteners,,,3H FASTENER CO,3H FASTENER CO,,7420543,,,"3H FASTENER CO 3H FASTENER CO, PRIMER PLASTIC PIPE PURPLE, 7420543",3H FASTENER CO PRIMER PLASTIC PIPE PURPL,PRIMER PLASTIC PIPE PURPLE,PRIMER PLASTIC PIPE PURPLE,PRIMER PLASTIC PIPE PURPLE,PRIMER PLASTIC PIPE PURPLE,,,,,,,,,,,,,,,,,,,,,,,,,,PRIMER PLASTIC PIPE PURPLE,,,,,,,,,,,,,,,,,,,,,,,,,,,,,,,,,,,,,,,,,,,,,,,,,,,,,,,,,,,,,,,,,,,,,,,,,,,,,,,,,,,,,,,,,,,,,,,,,,,,,,,,,,,,,,,,,,,,,,,,,,,,,,,,,,,,,,,,,,,,,,,,,,,,,,,,,,,,,,,,,,,,,,,,,,https://code-agri.fr/84876-large_default/lame-pour-tondeuse-autoportee-longueur-375mm-mtd-742-0543-942-0543-7420543-9420543.jpg,,,,,,,,,,,,,,,,,,,,,,,,,,,Yes
,,,,,,SL-2DC06EF94122,,,,49-94-0501,49-94-0501,"49-94-0501 Milw 4""x1/4""x5/8"" Metal Grinding Wheel",,,,Milwaukee Accessory (4031),Milwaukee Accessory (4031),Milwaukee Accessory (4031),,49-94-0501,,,"Milwaukee Accessory (4031) Milwaukee Accessory (4031), 49-94-0501 Milw 4""x1/4""x5",MILWAUKEE ACCESSORY (4031) 49-94-0501 MI,"49-94-0501 Milw 4""x1/4""x5/8"" Metal Grinding Wheel","49-94-0501 Milw 4""x1/4""x5/8"" Metal Grinding Wheel","49-94-0501 Milw 4""x1/4""x5/8"" Metal Grinding Wheel","49-94-0501 Milw 4""x1/4""x5/8"" Metal Grinding Wheel",,,,,,,,,,,,,,,,,,,,,,,,,,"49-94-0501 Milw 4""x1/4""x5/8"" Metal Grinding Wheel",,,,,,,,,,,,,,,,,,,,,,,,,,,,,,,,,,,,,,,,,,,,,,,,,,,,,,,,,,,,,,,,,,,,,,,,,,,,,,,,,,,,,,,,,,,,,,,,,,,,,,,,,,,,,,,,,,,,,,,,,,,,,,,,,,,,,,,,,,,,,,,,,,,,,,,,,,,,,,,,,,,,,,,,,,https://d2yn8sruhmqjt4.cloudfront.net/userfiles/images/inriver/preview/665194_mil49940501.jpg,,,,,,,,,https://susacdn.azureedge.net/specsheets/Milwaukee/49-94-0501.pdf,,,,,,,,,,,,,,,,,,Yes
,,,,,,SL-01868F925349,,,,M39056,M39056,HINGE  BUTT  3IN  SS  PAIR,,,Stanley Black & Decker,Stanley B&D,Stanley B&D,Stanley B&D,,M39056,,,"Stanley B&D Stanley B&D Professional HINGE  BUTT  3IN  SS  PAIR, Model M39056",STANLEY B&D HINGE  BUTT  3IN  SS  PAIR M,HINGE  BUTT  3IN  SS  PAIR,HINGE  BUTT  3IN  SS  PAIR,HINGE  BUTT  3IN  SS  PAIR,HINGE  BUTT  3IN  SS  PAIR,,,,,,,,,,,,,,,,,,,,,,,,,,HINGE  BUTT  3IN  SS  PAIR,,,,,,,,,,,,,,,,,,,,,,,,,,,,,,,,,,,,,,,,,,,,,,,,,,,,,,,,,,,,,,,,,,,,,,,,,,,,,,,,,,,,,,,,,,,,,,,,,,,,,,,,,,,,,,,,,,,,,,,,,,,,,,,,,,,,,,,,,,,,,,,,,,,,,,,,,,,,,,,,,,,,,,,,,,https://lookaside.fbsbx.com/lookaside/crawler/media/?media_id=111679741851614,,,,,,,,,http://www.vintagemachinery.org/mfgIndex/detail.aspx?id=1141&tab=3,,,,,,,,,,,,,,,,,,Yes
,,,,,,SL-31D2BCDB6FA2,,,,49-94-0503,49-94-0503,"49-94-0503 Milw 4-1/2""x1/4""x7/8"" Metal Grinding Wheel",,,,Milwaukee Accessory (4031),Milwaukee Accessory (4031),Milwaukee Accessory (4031),,49-94-0503,,,"Milwaukee Accessory (4031) Milwaukee Accessory (4031), 49-94-0503 Milw 4-1/2""x1/",MILWAUKEE ACCESSORY (4031) 49-94-0503 MI,"49-94-0503 Milw 4-1/2""x1/4""x7/8"" Metal Grinding Wheel","49-94-0503 Milw 4-1/2""x1/4""x7/8"" Metal Grinding Wheel","49-94-0503 Milw 4-1/2""x1/4""x7/8"" Metal Grinding Wheel","49-94-0503 Milw 4-1/2""x1/4""x7/8"" Metal Grinding Wheel",,,,,,,,,,,,,,,,,,,,,,,,,,"49-94-0503 Milw 4-1/2""x1/4""x7/8"" Metal Grinding Wheel",,,,,,,,,,,,,,,,,,,,,,,,,,,,,,,,,,,,,,,,,,,,,,,,,,,,,,,,,,,,,,,,,,,,,,,,,,,,,,,,,,,,,,,,,,,,,,,,,,,,,,,,,,,,,,,,,,,,,,,,,,,,,,,,,,,,,,,,,,,,,,,,,,,,,,,,,,,,,,,,,,,,,,,,,,https://d2yn8sruhmqjt4.cloudfront.net/userfiles/images/inriver/preview/665195_mil49940503.jpg,,,,,,,,,,,,,,,,,,,,,,,,,,,Yes
,,,,,,SL-C05CA46E0D9A,,,,FW43082,FW43082,SEALANT RTV RED 3OZ,SIEMENS AG,Siemens,Siemens Industry,,SIEMENS AG,SIEMENS AG,,FW43082,,,"SIEMENS AG SIEMENS AG Professional SEALANT RTV RED 3OZ, Model FW43082",SIEMENS AG SEALANT RTV RED 3OZ FW43082,SEALANT RTV RED 3OZ,SEALANT RTV RED 3OZ,SEALANT RTV RED 3OZ,SEALANT RTV RED 3OZ,,,,,,,,,,,,,,,,,,,,,,,,,,SEALANT RTV RED 3OZ,,,,,,,,,,,,,,,,,,,,,,,,,,,,,,,,,,,,,,,,,,,,,,,,,,,,,,,,,,,,,,,,,,,,,,,,,,,,,,,,,,,,,,,,,,,,,,,,,,,,,,,,,,,,,,,,,,,,,,,,,,,,,,,,,,,,,,,,,,,,,,,,,,,,,,,,,,,,,,,,,,,,,,,,,,https://whidegroup.com/wp-content/uploads/creative-photography-4-large.png,,,,,,,,,https://www.manualslib.com/manual/4324040/Panasonic-Pt-Fw430u.html,,,,,,,,,,,,,,,,,,Yes
,,,,,,SL-BB6523C4B406,,,,49-94-0523,49-94-0523,"49-94-0523 Milw 6""x1/4""x7/8"" Metal Grinding Wheel",,,,Milwaukee Accessory (4031),Milwaukee Accessory (4031),Milwaukee Accessory (4031),,49-94-0523,,,"Milwaukee Accessory (4031) Milwaukee Accessory (4031), 49-94-0523 Milw 6""x1/4""x7",MILWAUKEE ACCESSORY (4031) 49-94-0523 MI,"49-94-0523 Milw 6""x1/4""x7/8"" Metal Grinding Wheel","49-94-0523 Milw 6""x1/4""x7/8"" Metal Grinding Wheel","49-94-0523 Milw 6""x1/4""x7/8"" Metal Grinding Wheel","49-94-0523 Milw 6""x1/4""x7/8"" Metal Grinding Wheel",,,,,,,,,,,,,,,,,,,,,,,,,,"49-94-0523 Milw 6""x1/4""x7/8"" Metal Grinding Wheel",,,,,,,,,,,,,,,,,,,,,,,,,,,,,,,,,,,,,,,,,,,,,,,,,,,,,,,,,,,,,,,,,,,,,,,,,,,,,,,,,,,,,,,,,,,,,,,,,,,,,,,,,,,,,,,,,,,,,,,,,,,,,,,,,,,,,,,,,,,,,,,,,,,,,,,,,,,,,,,,,,,,,,,,,,https://s.dkhardware.com/images/3539017/500x500/356223.webp?9d1823407fba092a8808340feae08d4d,,,,,,,,,,,,,,,,,,,,,,,,,,,Yes
,,,,,,SL-877EA8ECE22D,,,,49-94-1955,49-94-1955,"49-94-1955 Milw 4-1/2""x1/4""x7/8"" Masonry Grinding Wheel",,,,Milwaukee Accessory (4031),Milwaukee Accessory (4031),Milwaukee Accessory (4031),,49-94-1955,,,"Milwaukee Accessory (4031) Milwaukee Accessory (4031), 49-94-1955 Milw 4-1/2""x1/",MILWAUKEE ACCESSORY (4031) 49-94-1955 MI,"49-94-1955 Milw 4-1/2""x1/4""x7/8"" Masonry Grinding Wheel","49-94-1955 Milw 4-1/2""x1/4""x7/8"" Masonry Grinding Wheel","49-94-1955 Milw 4-1/2""x1/4""x7/8"" Masonry Grinding Wheel","49-94-1955 Milw 4-1/2""x1/4""x7/8"" Masonry Grinding Wheel",,,,,,,,,,,,,,,,,,,,,,,,,,"49-94-1955 Milw 4-1/2""x1/4""x7/8"" Masonry Grinding Wheel",,,,,,,,,,,,,,,,,,,,,,,,,,,,,,,,,,,,,,,,,,,,,,,,,,,,,,,,,,,,,,,,,,,,,,,,,,,,,,,,,,,,,,,,,,,,,,,,,,,,,,,,,,,,,,,,,,,,,,,,,,,,,,,,,,,,,,,,,,,,,,,,,,,,,,,,,,,,,,,,,,,,,,,,,,http://toolup.com/cdn/shop/files/Milwaukee-49-94-1955_01.jpg?crop=center&height=1200&v=1774877238&width=1200,,,,,,,,,,,,,,,,,,,,,,,,,,,Yes
,,,,,,SL-5AAB3B2F2C07,,,,4D36680,4D36680,disc flap 1/2in 40grit,NOT SPECIFIED,TBD,nan,Eaton Corporation,Eaton Corporation,Eaton Corporation,,4D36680,,,"Eaton Corporation Eaton Corporation, disc flap 1/2in 40grit, 4D36680",EATON CORPORATION DISC FLAP 1/2IN 40GRIT,disc flap 1/2in 40grit,disc flap 1/2in 40grit,disc flap 1/2in 40grit,disc flap 1/2in 40grit,,,,,,,,,,,,,,,,,,,,,,,,,,disc flap 1/2in 40grit,,,,,,,,,,,,,,,,,,,,,,,,,,,,,,,,,,,,,,,,,,,,,,,,,,,,,,,,,,,,,,,,,,,,,,,,,,,,,,,,,,,,,,,,,,,,,,,,,,,,,,,,,,,,,,,,,,,,,,,,,,,,,,,,,,,,,,,,,,,,,,,,,,,,,,,,,,,,,,,,,,,,,,,,,,https://switchgearcontent.com/wp-content/uploads/2024/05/Medium-voltage-VCP-W-vacuum-circuit-breakers-EATON-company.jpg,,,,,,,,,https://pim.galco.com/Manufacturer/Eaton%20Cutler%20Hammer/TechDocument/Specifications/skuPage.MBE4040B200BTS.pdf,,,,,,,,,,,,,,,,,,Yes
,,,,,,SL-7C5ED0F08A2F,,,,H525396,H525396,TEE COPPER 2IN SWT,GATES RUBBER CO,,,,GATES RUBBER CO,GATES RUBBER CO,,H525396,,,"GATES RUBBER CO GATES RUBBER CO, TEE COPPER 2IN SWT, H525396",GATES RUBBER CO TEE COPPER 2IN SWT H5253,TEE COPPER 2IN SWT,TEE COPPER 2IN SWT,TEE COPPER 2IN SWT,TEE COPPER 2IN SWT,,,,,,,,,,,,,,,,,,,,,,,,,,TEE COPPER 2IN SWT,,,,,,,,,,,,,,,,,,,,,,,,,,,,,,,,,,,,,,,,,,,,,,,,,,,,,,,,,,,,,,,,,,,,,,,,,,,,,,,,,,,,,,,,,,,,,,,,,,,,,,,,,,,,,,,,,,,,,,,,,,,,,,,,,,,,,,,,,,,,,,,,,,,,,,,,,,,,,,,,,,,,,,,,,,https://whidegroup.com/wp-content/uploads/creative-photography-4-large.png,,,,,,,,,,,,,,,,,,,,,,,,,,,Yes
,,,,,,SL-D0110A62D61E,,,,49-94-1965,49-94-1965,"49-94-1965 Milw 7""x1/4""x7/8"" Masonry Grinding Wheel",,,,Milwaukee Accessory (4031),Milwaukee Accessory (4031),Milwaukee Accessory (4031),,49-94-1965,,,"Milwaukee Accessory (4031) Milwaukee Accessory (4031), 49-94-1965 Milw 7""x1/4""x7",MILWAUKEE ACCESSORY (4031) 49-94-1965 MI,"49-94-1965 Milw 7""x1/4""x7/8"" Masonry Grinding Wheel","49-94-1965 Milw 7""x1/4""x7/8"" Masonry Grinding Wheel","49-94-1965 Milw 7""x1/4""x7/8"" Masonry Grinding Wheel","49-94-1965 Milw 7""x1/4""x7/8"" Masonry Grinding Wheel",,,,,,,,,,,,,,,,,,,,,,,,,,"49-94-1965 Milw 7""x1/4""x7/8"" Masonry Grinding Wheel",,,,,,,,,,,,,,,,,,,,,,,,,,,,,,,,,,,,,,,,,,,,,,,,,,,,,,,,,,,,,,,,,,,,,,,,,,,,,,,,,,,,,,,,,,,,,,,,,,,,,,,,,,,,,,,,,,,,,,,,,,,,,,,,,,,,,,,,,,,,,,,,,,,,,,,,,,,,,,,,,,,,,,,,,,https://www.acetool.com/cdn/shop/files/49-94-1965_101.jpg?v=1775147131,,,,,,,,,https://www.milwaukeetool.com/-/media/PDFs/Objective-Data/2026_Bonded-Abrasives_Solutions-Guide.pdf,,,,,,,,,,,,,,,,,,Yes
,,,,,,SL-89B1B0A55E40,,,,8JE5526,8JE5526,TAPE  MEASURE  25FT  1IN,,,NOT SPECIFIED,RUBBERMAID COMMERCIAL,RUBBERMAID COMMERCIAL,RUBBERMAID COMMERCIAL,,8JE5526,,,"RUBBERMAID COMMERCIAL RUBBERMAID COMMERCIAL, TAPE  MEASURE  25FT  1IN, 8JE5526",RUBBERMAID COMMERCIAL TAPE  MEASURE  25F,TAPE  MEASURE  25FT  1IN,TAPE  MEASURE  25FT  1IN,TAPE  MEASURE  25FT  1IN,TAPE  MEASURE  25FT  1IN,,,,,,,,,,,,,,,,,,,,,,,,,,TAPE  MEASURE  25FT  1IN,,,,,,,,,,,,,,,,,,,,,,,,,,,,,,,,,,,,,,,,,,,,,,,,,,,,,,,,,,,,,,,,,,,,,,,,,,,,,,,,,,,,,,,,,,,,,,,,,,,,,,,,,,,,,,,,,,,,,,,,,,,,,,,,,,,,,,,,,,,,,,,,,,,,,,,,,,,,,,,,,,,,,,,,,,https://i5.walmartimages.com/asr/958a5ef1-9426-4509-86c0-099d9a33387b_1.34e1d60efb31ef0b7a845bfa9fa7f0f4.jpeg,,,,,,,,,https://www.rubbermaidpro.com/resource-center/spec-sheets/all-products-combined-spec-sheet/,,,,,,,,,,,,,,,,,,Yes
,,,,,,SL-10B36DC30906,,,,49-94-0513,49-94-0513,"49-94-0513 Milw 5""x1/4""x7/8"" Metal Grinding Wheel",,,,Milwaukee Accessory (4031),Milwaukee Accessory (4031),Milwaukee Accessory (4031),,49-94-0513,,,"Milwaukee Accessory (4031) Milwaukee Accessory (4031), 49-94-0513 Milw 5""x1/4""x7",MILWAUKEE ACCESSORY (4031) 49-94-0513 MI,"49-94-0513 Milw 5""x1/4""x7/8"" Metal Grinding Wheel","49-94-0513 Milw 5""x1/4""x7/8"" Metal Grinding Wheel","49-94-0513 Milw 5""x1/4""x7/8"" Metal Grinding Wheel","49-94-0513 Milw 5""x1/4""x7/8"" Metal Grinding Wheel",,,,,,,,,,,,,,,,,,,,,,,,,,"49-94-0513 Milw 5""x1/4""x7/8"" Metal Grinding Wheel",,,,,,,,,,,,,,,,,,,,,,,,,,,,,,,,,,,,,,,,,,,,,,,,,,,,,,,,,,,,,,,,,,,,,,,,,,,,,,,,,,,,,,,,,,,,,,,,,,,,,,,,,,,,,,,,,,,,,,,,,,,,,,,,,,,,,,,,,,,,,,,,,,,,,,,,,,,,,,,,,,,,,,,,,,https://fwwebbimage.fwwebb.com/WO/Base/1295304.jpg,,,,,,,,,,,,,,,,,,,,,,,,,,,Yes
,,,,,,SL-EA62030BDC1E,,,,49-94-0533,49-94-0533,"49-94-0533 Milw 7""x1/4""x7/8"" Metal Grinding Wheel",,,,Milwaukee Accessory (4031),Milwaukee Accessory (4031),Milwaukee Accessory (4031),,49-94-0533,,,"Milwaukee Accessory (4031) Milwaukee Accessory (4031), 49-94-0533 Milw 7""x1/4""x7",MILWAUKEE ACCESSORY (4031) 49-94-0533 MI,"49-94-0533 Milw 7""x1/4""x7/8"" Metal Grinding Wheel","49-94-0533 Milw 7""x1/4""x7/8"" Metal Grinding Wheel","49-94-0533 Milw 7""x1/4""x7/8"" Metal Grinding Wheel","49-94-0533 Milw 7""x1/4""x7/8"" Metal Grinding Wheel",,,,,,,,,,,,,,,,,,,,,,,,,,"49-94-0533 Milw 7""x1/4""x7/8"" Metal Grinding Wheel",,,,,,,,,,,,,,,,,,,,,,,,,,,,,,,,,,,,,,,,,,,,,,,,,,,,,,,,,,,,,,,,,,,,,,,,,,,,,,,,,,,,,,,,,,,,,,,,,,,,,,,,,,,,,,,,,,,,,,,,,,,,,,,,,,,,,,,,,,,,,,,,,,,,,,,,,,,,,,,,,,,,,,,,,,https://micraherramientas.com.mx/wp-content/uploads/2026/05/milwaukee-7-inch-x-14-inch-x-78-inch-metal-grinding-wheel-type-27-49-94-0533.jpg,,,,,,,,,,,,,,,,,,,,,,,,,,,Yes
https://catalog.hydac.com/item/ball-valves-high-pressure----3000-psi-/valves--2-way-ball/552176,,,,,,SL-526FE46CF870,,,,552176,552176,Trap Adapter Pvc 2In,LOCTITE,Loctite (Henkel),TBD,,LOCTITE,LOCTITE,,552176,,,"LOCTITE LOCTITE Professional Trap Adapter Pvc 2In, Model 552176",LOCTITE TRAP ADAPTER PVC 2IN 552176,Trap Adapter Pvc 2In,Trap Adapter Pvc 2In,Trap Adapter Pvc 2In,Trap Adapter Pvc 2In,,,,,,,,,,,,,,,,,,,,,,,,,,Trap Adapter Pvc 2In,,,,,,,,,,,,,,,,,,,,,,,,,,,,,,,,,,,,,,,,,,,,,,,,,,,,,,,,,,,,,,,,,,,,,,,,,,,,,,,,,,,,,,,,,,,,,,,,,,,,,,,,,,,,,,,,,,,,,,,,,,,,,,,,,,,,,,,,,,,,,,,,,,,,,,,,,,,,,,,,,,,,,,,,,,http://www.fashionphile.com/cdn/shop/files/49a1e196a3e5ea2849e9cfed3bc7bbc1.jpg?v=1749597472,,,,,,,,,,,,,,,,,,,,,,,,,,,Yes
https://www.theonlytool.com/product/diablo-dfblblomfn01g-5-x-3-x-1-220-grit-large-flat-edge-sanding-sponge/,,,,,,SL-A7F73DF000E4,,,,DFBLBLOMFN01G,DFBLBLOMFN01G,DFBLBLOMFN01G Diablo 220 Grit - Flat Edge Sanding Sponge,,,,Freud Inc (2435),Freud Inc (2435),Freud Inc (2435),,DFBLBLOMFN01G,,,"Freud Inc (2435) Freud Inc (2435), DFBLBLOMFN01G Diablo 220 Grit - Flat Edge San",FREUD INC (2435) DFBLBLOMFN01G DIABLO 22,DFBLBLOMFN01G Diablo 220 Grit - Flat Edge Sanding Sponge,DFBLBLOMFN01G Diablo 220 Grit - Flat Edge Sanding Sponge,DFBLBLOMFN01G Diablo 220 Grit - Flat Edge Sanding Sponge,DFBLBLOMFN01G Diablo 220 Grit - Flat Edge Sanding Sponge,,,,,,,,,,,,,,,,,,,,,,,,,,DFBLBLOMFN01G Diablo 220 Grit - Flat Edge Sanding Sponge,,,,,,,,,,,,,,,,,,,,,,,,,,,,,,,,,,,,,,,,,,,,,,,,,,,,,,,,,,,,,,,,,,,,,,,,,,,,,,,,,,,,,,,,,,,,,,,,,,,,,,,,,,,,,,,,,,,,,,,,,,,,,,,,,,,,,,,,,,,,,,,,,,,,,,,,,,,,,,,,,,,,,,,,,,https://www.shelllumber.com/cdn/shop/files/7873532.jpg?v=1773931128&width=480,,,,,,,,,https://www.freudtools.com/downloads/,,,,,,,,,,,,,,,,,,Yes
,,,,,,SL-435095BADAC2,,,,XG67711,XG67711,WIRE BRUSH CUP 4IN CRS,Klein Tools,Klein,,,Klein Tools,Klein Tools,,XG67711,,,"Klein Tools Klein Tools Professional WIRE BRUSH CUP 4IN CRS, Model XG67711",KLEIN TOOLS WIRE BRUSH CUP 4IN CRS XG677,WIRE BRUSH CUP 4IN CRS,WIRE BRUSH CUP 4IN CRS,WIRE BRUSH CUP 4IN CRS,WIRE BRUSH CUP 4IN CRS,,,,,,,,,,,,,,,,,,,,,,,,,,WIRE BRUSH CUP 4IN CRS,,,,,,,,,,,,,,,,,,,,,,,,,,,,,,,,,,,,,,,,,,,,,,,,,,,,,,,,,,,,,,,,,,,,,,,,,,,,,,,,,,,,,,,,,,,,,,,,,,,,,,,,,,,,,,,,,,,,,,,,,,,,,,,,,,,,,,,,,,,,,,,,,,,,,,,,,,,,,,,,,,,,,,,,,,https://whidegroup.com/wp-content/uploads/creative-photography-4-large.png,,,,,,,,,https://i-pro.com/products_and_solutions/sites/default/files/2026-02/WV-X67711-Z3L3_i-PRO_A4_R6_260216_0.pdf,,,,,,,,,,,,,,,,,,Yes
,,,,,,SL-0EFC9A253E04,,,,X051505,X051505,Spray Adhesive Hvy Duty 16Oz,Fastenal Brand,,NOT SPECIFIED,,Fastenal Brand,Fastenal Brand,,X051505,,,"Fastenal Brand Fastenal Brand, Spray Adhesive Hvy Duty 16Oz, X051505",FASTENAL BRAND SPRAY ADHESIVE HVY DUTY 1,Spray Adhesive Hvy Duty 16Oz,Spray Adhesive Hvy Duty 16Oz,Spray Adhesive Hvy Duty 16Oz,Spray Adhesive Hvy Duty 16Oz,,,,,,,,,,,,,,,,,,,,,,,,,,Spray Adhesive Hvy Duty 16Oz,,,,,,,,,,,,,,,,,,,,,,,,,,,,,,,,,,,,,,,,,,,,,,,,,,,,,,,,,,,,,,,,,,,,,,,,,,,,,,,,,,,,,,,,,,,,,,,,,,,,,,,,,,,,,,,,,,,,,,,,,,,,,,,,,,,,,,,,,,,,,,,,,,,,,,,,,,,,,,,,,,,,,,,,,,https://www.globeimporters.com.au/cdn/shop/products/8A-X051506_Website_0c4797bc-82dd-42e1-b34f-7490e3c70bdb_2048x.jpg?v=1602025800,,,,,,,,,,,,,,,,,,,,,,,,,,,Yes
,,,,,,SL-A4EBF0265FC1,,,,VB16028,VB16028,TAPE ELEC VINYL 3/4X66FT BLK,SIEMENS AG,Siemens,Siemens Industry,,SIEMENS AG,SIEMENS AG,,VB16028,,,"SIEMENS AG SIEMENS AG, TAPE ELEC VINYL 3/4X66FT BLK, VB16028",SIEMENS AG TAPE ELEC VINYL 3/4X66FT BLK,TAPE ELEC VINYL 3/4X66FT BLK,TAPE ELEC VINYL 3/4X66FT BLK,TAPE ELEC VINYL 3/4X66FT BLK,TAPE ELEC VINYL 3/4X66FT BLK,,,,,,,,,,,,,,,,,,,,,,,,,,TAPE ELEC VINYL 3/4X66FT BLK,,,,,,,,,,,,,,,,,,,,,,,,,,,,,,,,,,,,,,,,,,,,,,,,,,,,,,,,,,,,,,,,,,,,,,,,,,,,,,,,,,,,,,,,,,,,,,,,,,,,,,,,,,,,,,,,,,,,,,,,,,,,,,,,,,,,,,,,,,,,,,,,,,,,,,,,,,,,,,,,,,,,,,,,,,https://backend.qplus.nl/media/wysiwyg/Producten/Snelkoppelingen/Hydrauliek/BF06.7101-IC-JV_2023.png,,,,,,,,,https://bearingsize.info/catalogue-online/deep-groove-ball-bearings/bearing-16028-skf-obj33074.html,,,,,,,,,,,,,,,,,,Yes
https://www.3m.com/3M/en_US/p/d/v100849643/,,,,,,SL-9CA0763C98A2,,,,1700-1PK-BB40,1700-1PK-BB40,3/4x60' Vinyl Elect Tape,,,3M,3 M Co (5293),3 M Co (5293),3 M Co (5293),,1700-1PK-BB40,,,"3 M Co (5293) 3 M Co (5293), 3/4x60' Vinyl Elect Tape, 1700-1PK-BB40",3 M CO (5293) 3/4X60' VINYL ELECT TAPE 1,3/4x60' Vinyl Elect Tape,3/4x60' Vinyl Elect Tape,3/4x60' Vinyl Elect Tape,3/4x60' Vinyl Elect Tape,,,,,,,,,,,,,,,,,,,,,,,,,,3/4x60' Vinyl Elect Tape,,,,,,,,,,,,,,,,,,,,,,,,,,,,,,,,,,,,,,,,,,,,,,,,,,,,,,,,,,,,,,,,,,,,,,,,,,,,,,,,,,,,,,,,,,,,,,,,,,,,,,,,,,,,,,,,,,,,,,,,,,,,,,,,,,,,,,,,,,,,,,,,,,,,,,,,,,,,,,,,,,,,,,,,,,https://idsupply.com.mx/cdn/shop/files/9b14934467691f5582.jpg?v=1771363753,,,,,,,,,https://www.digikey.com/en/products/detail/3m/1700-1PK-BB40/18070618,,,,,,,,,,,,,,,,,,Yes
,,,,,,SL-E4DFA9397665,,,,ASH-40-40-04,ASH-40-40-04,1.5x1.5x13' Legacy Emseal Tape,,,,Emseal Joint Systems Ltd (EMSJO),Emseal Joint Systems Ltd (EMSJO),Emseal Joint Systems Ltd (EMSJO),,ASH-40-40-04,,,"Emseal Joint Systems Ltd (EMSJO) Emseal Joint Systems Ltd (EMSJO), 1.5x1.5x13' L",EMSEAL JOINT SYSTEMS LTD (EMSJO) 1.5X1.5,1.5x1.5x13' Legacy Emseal Tape,1.5x1.5x13' Legacy Emseal Tape,1.5x1.5x13' Legacy Emseal Tape,1.5x1.5x13' Legacy Emseal Tape,,,,,,,,,,,,,,,,,,,,,,,,,,1.5x1.5x13' Legacy Emseal Tape,,,,,,,,,,,,,,,,,,,,,,,,,,,,,,,,,,,,,,,,,,,,,,,,,,,,,,,,,,,,,,,,,,,,,,,,,,,,,,,,,,,,,,,,,,,,,,,,,,,,,,,,,,,,,,,,,,,,,,,,,,,,,,,,,,,,,,,,,,,,,,,,,,,,,,,,,,,,,,,,,,,,,,,,,,"http://architizer-prod.imgix.net/media/1491405579455EMSEAL-DSM_web.jpg?q=60&auto=format,compress&cs=strip&w=1680",,,,,,,,,https://cdn.emseal.com/wp-content/uploads/2019/04/emseal-watertight-expansion-joint-catalog-product-catalog.pdf,,,,,,,,,,,,,,,,,,Yes
,,,,,,SL-889FA1506423,,,,R786435,R786435,Valve Ball Brass 3/8In Fnpt,Parker Hannifin Corp,Parker Hannifin,Parker,,Parker Hannifin Corp,Parker Hannifin Corp,,R786435,,,"Parker Hannifin Corp Parker Hannifin Corp, Valve Ball Brass 3/8In Fnpt, R786435",PARKER HANNIFIN CORP VALVE BALL BRASS 3/,Valve Ball Brass 3/8In Fnpt,Valve Ball Brass 3/8In Fnpt,Valve Ball Brass 3/8In Fnpt,Valve Ball Brass 3/8In Fnpt,,,,,,,,,,,,,,,,,,,,,,,,,,Valve Ball Brass 3/8In Fnpt,,,,,,,,,,,,,,,,,,,,,,,,,,,,,,,,,,,,,,,,,,,,,,,,,,,,,,,,,,,,,,,,,,,,,,,,,,,,,,,,,,,,,,,,,,,,,,,,,,,,,,,,,,,,,,,,,,,,,,,,,,,,,,,,,,,,,,,,,,,,,,,,,,,,,,,,,,,,,,,,,,,,,,,,,,https://whidegroup.com/wp-content/uploads/creative-photography-4-large.png,,,,,,,,,https://www.zurn.com/tools/spec-sheet-lookup,,,,,,,,,,,,,,,,,,Yes
,,,,,,SL-24EC6CC3A1D6,,,,3S549599,3S549599,REFRIG R410A 25LB CYL,Loctite,,NOT SPECIFIED,,Loctite,Loctite,,3S549599,,,"Loctite Loctite Professional REFRIG R410A 25LB CYL, Model 3S549599",LOCTITE REFRIG R410A 25LB CYL 3S549599,REFRIG R410A 25LB CYL,REFRIG R410A 25LB CYL,REFRIG R410A 25LB CYL,REFRIG R410A 25LB CYL,,,,,,,,,,,,,,,,,,,,,,,,,,REFRIG R410A 25LB CYL,,,,,,,,,,,,,,,,,,,,,,,,,,,,,,,,,,,,,,,,,,,,,,,,,,,,,,,,,,,,,,,,,,,,,,,,,,,,,,,,,,,,,,,,,,,,,,,,,,,,,,,,,,,,,,,,,,,,,,,,,,,,,,,,,,,,,,,,,,,,,,,,,,,,,,,,,,,,,,,,,,,,,,,,,,https://www.aiarty.com/images/photography/creative-product-photography-1.png,,,,,,,,,https://s3.amazonaws.com/s3.supplyhouse.com/product_files/Caleffi-549599A-Submittal-Sheet.pdf,,,,,,,,,,,,,,,,,,Yes
https://www.homedepot.com/p/KitchenAid-24-in-Black-Stainless-Front-Control-Built-in-Tall-Tub-Dishwasher-with-Stainless-Steel-Tub-and-Third-Level-Rack-44-dBA-KDFM404KBS/312283613,,,,,,SL-9FDD815B85C8,,,,KDFM404KPS,KDFM404KPS,KDFM404KPS Dishwasher SS,,,,Appliance Dealers Cooperative (APPDE),Appliance Dealers Cooperative (APPDE),Appliance Dealers Cooperative (APPDE),,KDFM404KPS,,,"Appliance Dealers Cooperative (APPDE) Appliance Dealers Cooperative (APPDE), KDF",APPLIANCE DEALERS COOPERATIVE (APPDE) KD,KDFM404KPS Dishwasher SS,KDFM404KPS Dishwasher SS,KDFM404KPS Dishwasher SS,KDFM404KPS Dishwasher SS,,,,,,,,,,,,,,,,,,,,,,,,,,KDFM404KPS Dishwasher SS,,,,,,,,,,,,,,,,,,,,,,,,,,,,,,,,,,,,,,,,,,,,,,,,,,,,,,,,,,,,,,,,,,,,,,,,,,,,,,,,,,,,,,,,,,,,,,,,,,,,,,,,,,,,,,,,,,,,,,,,,,,,,,,,,,,,,,,,,,,,,,,,,,,,,,,,,,,,,,,,,,,,,,,,,,https://assets.skulytics.io/assets/images/KDFM404KPS-106002441.webp,,,,,,,,,https://www.aphome.com/kitchen-cleanup/dishwashers/built-in-dishwasher/kitchenaid/KDFM404KPS,,,,,,,,,,,,,,,,,,Yes
,,,,,,SL-333B290F6C47,,,,7U40162,7U40162,BELT  SAND  1/4X6IN  80GRIT,nan,3H Fasteners,,3H FASTENER CO,3H FASTENER CO,3H FASTENER CO,,7U40162,,,"3H FASTENER CO 3H FASTENER CO, BELT  SAND  1/4X6IN  80GRIT, 7U40162",3H FASTENER CO BELT  SAND  1/4X6IN  80GR,BELT  SAND  1/4X6IN  80GRIT,BELT  SAND  1/4X6IN  80GRIT,BELT  SAND  1/4X6IN  80GRIT,BELT  SAND  1/4X6IN  80GRIT,,,,,,,,,,,,,,,,,,,,,,,,,,BELT  SAND  1/4X6IN  80GRIT,,,,,,,,,,,,,,,,,,,,,,,,,,,,,,,,,,,,,,,,,,,,,,,,,,,,,,,,,,,,,,,,,,,,,,,,,,,,,,,,,,,,,,,,,,,,,,,,,,,,,,,,,,,,,,,,,,,,,,,,,,,,,,,,,,,,,,,,,,,,,,,,,,,,,,,,,,,,,,,,,,,,,,,,,,https://e.ap-magazine.com/fastenerSource/2018/02/ll/201.jpg,,,,,,,,,https://www.hyseco.com/product_library/item_pdf/Parker%20Cylinder%203H%20Series.pdf,,,,,,,,,,,,,,,,,,Yes
,,,,,,SL-43203E22E258,,,,UW64460,UW64460,THREADLOCK BLUE 10ML,,THE TIMKEN COMPANY,,Timken,Timken,Timken,,UW64460,,,"Timken Timken Professional THREADLOCK BLUE 10ML, Model UW64460",TIMKEN THREADLOCK BLUE 10ML UW64460,THREADLOCK BLUE 10ML,THREADLOCK BLUE 10ML,THREADLOCK BLUE 10ML,THREADLOCK BLUE 10ML,,,,,,,,,,,,,,,,,,,,,,,,,,THREADLOCK BLUE 10ML,,,,,,,,,,,,,,,,,,,,,,,,,,,,,,,,,,,,,,,,,,,,,,,,,,,,,,,,,,,,,,,,,,,,,,,,,,,,,,,,,,,,,,,,,,,,,,,,,,,,,,,,,,,,,,,,,,,,,,,,,,,,,,,,,,,,,,,,,,,,,,,,,,,,,,,,,,,,,,,,,,,,,,,,,,https://mgis.com.au/wp-content/uploads/2024/09/Timken-Bearing-Engineering-1-1-1024x973.jpg,,,,,,,,,https://pdf.directindustry.com/pdf/timken-4918.html,,,,,,,,,,,,,,,,,,Yes
https://www.frigidaire.com/en/p/kitchen/dishwashers/PDSH4816AF,,,,,,SL-8FEED0E29927,,,,PDSH4816AF,PDSH4816AF,PDSH4816AF Dishwasher SS - Display Only,,,,Appliance Dealers Cooperative (APPDE),Appliance Dealers Cooperative (APPDE),Appliance Dealers Cooperative (APPDE),,PDSH4816AF,,,"Appliance Dealers Cooperative (APPDE) Appliance Dealers Cooperative (APPDE), PDS",APPLIANCE DEALERS COOPERATIVE (APPDE) PD,PDSH4816AF Dishwasher SS - Display Only,PDSH4816AF Dishwasher SS - Display Only,PDSH4816AF Dishwasher SS - Display Only,PDSH4816AF Dishwasher SS - Display Only,,,,,,,,,,,,,,,,,,,,,,,,,,PDSH4816AF Dishwasher SS - Display Only,,,,,,,,,,,,,,,,,,,,,,,,,,,,,,,,,,,,,,,,,,,,,,,,,,,,,,,,,,,,,,,,,,,,,,,,,,,,,,,,,,,,,,,,,,,,,,,,,,,,,,,,,,,,,,,,,,,,,,,,,,,,,,,,,,,,,,,,,,,,,,,,,,,,,,,,,,,,,,,,,,,,,,,,,,https://na2.electroluxmedia.com/XL/Electrolux/Electrolux%20Assets/Images/Product%20Photography/PDSH4816AF-OLO.jpg?impolicy=gallerydimensions,,,,,,,,,https://www.us-appliance.com/content/pdf/usa/PDSH4816AF_Specs.pdf,,,,,,,,,,,,,,,,,,Yes
,,,,,,SL-BADF2CD77EFF,,,,5EK4696,5EK4696,blower handheld crdls 20v,Weiler Abrasives,nan,,Weiler,Weiler,Weiler,,5EK4696,,,"Weiler Weiler Professional blower handheld crdls 20v, Model 5EK4696",WEILER BLOWER HANDHELD CRDLS 20V 5EK4696,blower handheld crdls 20v,blower handheld crdls 20v,blower handheld crdls 20v,blower handheld crdls 20v,,,,,,,,,,,,,,,,,,,,,,,,,,blower handheld crdls 20v,,,,,,,,,,,,,,,,,,,,,,,,,,,,,,,,,,,,,,,,,,,,,,,,,,,,,,,,,,,,,,,,,,,,,,,,,,,,,,,,,,,,,,,,,,,,,,,,,,,,,,,,,,,,,,,,,,,,,,,,,,,,,,,,,,,,,,,,,,,,,,,,,,,,,,,,,,,,,,,,,,,,,,,,,,https://d2n4wb9orp1vta.cloudfront.net/cms/brand/MMS-Mex/2024-MMS-Mex/0824-mms-product-weilerabrasives.jpg,,,,,,,,,https://www.weiler.de/en/downloads/,,,,,,,,,,,,,,,,,,Yes
,,,,,,SL-FE20598A1F65,,,,ZG98452,ZG98452,Sealant Rtv Red 3Oz,,nan,TBD,Dayton Mfg,Dayton Mfg,Dayton Mfg,,ZG98452,,,"Dayton Mfg Dayton Mfg Professional Sealant Rtv Red 3Oz, Model ZG98452",DAYTON MFG SEALANT RTV RED 3OZ ZG98452,Sealant Rtv Red 3Oz,Sealant Rtv Red 3Oz,Sealant Rtv Red 3Oz,Sealant Rtv Red 3Oz,,,,,,,,,,,,,,,,,,,,,,,,,,Sealant Rtv Red 3Oz,,,,,,,,,,,,,,,,,,,,,,,,,,,,,,,,,,,,,,,,,,,,,,,,,,,,,,,,,,,,,,,,,,,,,,,,,,,,,,,,,,,,,,,,,,,,,,,,,,,,,,,,,,,,,,,,,,,,,,,,,,,,,,,,,,,,,,,,,,,,,,,,,,,,,,,,,,,,,,,,,,,,,,,,,,https://image.isu.pub/240121162844-dc0ff6e7860d7c2587d675e4a847dae7/jpg/page_1.jpg,,,,,,,,,https://dayton.manymanuals.com/,,,,,,,,,,,,,,,,,,Yes
https://www.homedepot.com/p/GE-Profile-24-in-Smart-Built-In-Top-Control-Fingerprint-Resistant-Stainless-Dishwasher-w-Microban-Technology-44-dBA-PDT715SYVFS/325917473,,,,,,SL-93F923F214C5,,,,PDT715SYVFS,PDT715SYVFS,PDT715SYVFS Ge Dishwasher SS,,,,Appliance Dealers Cooperative (APPDE),Appliance Dealers Cooperative (APPDE),Appliance Dealers Cooperative (APPDE),,PDT715SYVFS,,,"Appliance Dealers Cooperative (APPDE) Appliance Dealers Cooperative (APPDE), PDT",APPLIANCE DEALERS COOPERATIVE (APPDE) PD,PDT715SYVFS Ge Dishwasher SS,PDT715SYVFS Ge Dishwasher SS,PDT715SYVFS Ge Dishwasher SS,PDT715SYVFS Ge Dishwasher SS,,,,,,,,,,,,,,,,,,,,,,,,,,PDT715SYVFS Ge Dishwasher SS,,,,,,,,,,,,,,,,,,,,,,,,,,,,,,,,,,,,,,,,,,,,,,,,,,,,,,,,,,,,,,,,,,,,,,,,,,,,,,,,,,,,,,,,,,,,,,,,,,,,,,,,,,,,,,,,,,,,,,,,,,,,,,,,,,,,,,,,,,,,,,,,,,,,,,,,,,,,,,,,,,,,,,,,,,https://assets.skulytics.io/assets/images/PDT715SYVFS_104372952.webp,,,,,,,,,https://www.us-appliance.com/content/pdf/f/PDT715SYVFS_Specs.pdf,,,,,,,,,,,,,,,,,,Yes
,,,,,,SL-041D8E0E0AFE,,,,7HG4846,7HG4846,ROUTER FIXED BASE 2.25HP,RIDGID TOOL,RIDGID,,,RIDGID TOOL,RIDGID TOOL,,7HG4846,,,"RIDGID TOOL RIDGID TOOL Professional ROUTER FIXED BASE 2.25HP, Model 7HG4846",RIDGID TOOL ROUTER FIXED BASE 2.25HP 7HG,ROUTER FIXED BASE 2.25HP,ROUTER FIXED BASE 2.25HP,ROUTER FIXED BASE 2.25HP,ROUTER FIXED BASE 2.25HP,,,,,,,,,,,,,,,,,,,,,,,,,,ROUTER FIXED BASE 2.25HP,,,,,,,,,,,,,,,,,,,,,,,,,,,,,,,,,,,,,,,,,,,,,,,,,,,,,,,,,,,,,,,,,,,,,,,,,,,,,,,,,,,,,,,,,,,,,,,,,,,,,,,,,,,,,,,,,,,,,,,,,,,,,,,,,,,,,,,,,,,,,,,,,,,,,,,,,,,,,,,,,,,,,,,,,,https://whidegroup.com/wp-content/uploads/creative-photography-4-large.png,,,,,,,,,https://www.goodmanmfg.com/support/literature-library,,,,,,,,,,,,,,,,,,Yes
,,,,,,SL-1163D7A44506,,,,2T1536,2T1536,padlock lam stl 40mm,TBD,3M ABR DIV,,,TBD,TBD,,2T1536,,,"TBD TBD Professional padlock lam stl 40mm, Model 2T1536",TBD PADLOCK LAM STL 40MM 2T1536,padlock lam stl 40mm,padlock lam stl 40mm,padlock lam stl 40mm,padlock lam stl 40mm,,,,,,,,,,,,,,,,,,,,,,,,,,padlock lam stl 40mm,,,,,,,,,,,,,,,,,,,,,,,,,,,,,,,,,,,,,,,,,,,,,,,,,,,,,,,,,,,,,,,,,,,,,,,,,,,,,,,,,,,,,,,,,,,,,,,,,,,,,,,,,,,,,,,,,,,,,,,,,,,,,,,,,,,,,,,,,,,,,,,,,,,,,,,,,,,,,,,,,,,,,,,,,,https://usatrailerparts.com.au/wp-content/uploads/2024/02/2T-Alko-Bearing-kit-1536x1420.jpg,,,,,,,,,,,,,,,,,,,,,,,,,,,Yes
https://www.homedepot.com/p/LG-24-in-Top-Control-Smart-Wi-Fi-Dishwasher-QuadWash-Pro-Dynamic-Heat-Dry-3rd-Rack-PrintProof-Black-Stainless-Steel-LDPH5554D/329747173,,,,,,SL-BDFBDC4B8452,,,,LDPH5554D,LDPH5554D,LDPH5554D LG Dishwasher BSS,,,,Appliance Dealers Cooperative (APPDE),Appliance Dealers Cooperative (APPDE),Appliance Dealers Cooperative (APPDE),,LDPH5554D,,,"Appliance Dealers Cooperative (APPDE) Appliance Dealers Cooperative (APPDE), LDP",APPLIANCE DEALERS COOPERATIVE (APPDE) LD,LDPH5554D LG Dishwasher BSS,LDPH5554D LG Dishwasher BSS,LDPH5554D LG Dishwasher BSS,LDPH5554D LG Dishwasher BSS,,,,,,,,,,,,,,,,,,,,,,,,,,LDPH5554D LG Dishwasher BSS,,,,,,,,,,,,,,,,,,,,,,,,,,,,,,,,,,,,,,,,,,,,,,,,,,,,,,,,,,,,,,,,,,,,,,,,,,,,,,,,,,,,,,,,,,,,,,,,,,,,,,,,,,,,,,,,,,,,,,,,,,,,,,,,,,,,,,,,,,,,,,,,,,,,,,,,,,,,,,,,,,,,,,,,,,https://www.handyappliances.ca/files/image/attachment/21833/LDPH5554D_2.jpg,,,,,,,,,https://www.lg.com/us/support/product/lg-LDPH5554D.ABDESNA,,,,,,,,,,,,,,,,,,Yes
,,,,,,SL-E2DDF1B92631,,,,SS-1/4-30X1,SS-1/4-30X1,SCR SELF-TAP HEX WSHR HD 5/8X1,,nan,,Gates Corporation,Gates Corporation,Gates Corporation,,SS-1/4-30X1,,,"Gates Corporation Gates Corporation, SCR SELF-TAP HEX WSHR HD 5/8X1, SS-1/4-30X1",GATES CORPORATION SCR SELF-TAP HEX WSHR,SCR SELF-TAP HEX WSHR HD 5/8X1,SCR SELF-TAP HEX WSHR HD 5/8X1,SCR SELF-TAP HEX WSHR HD 5/8X1,SCR SELF-TAP HEX WSHR HD 5/8X1,,,,,,,,,,,,,,,,,,,,,,,,,,SCR SELF-TAP HEX WSHR HD 5/8X1,,,,,,,,,,,,,,,,,,,,,,,,,,,,,,,,,,,,,,,,,,,,,,,,,,,,,,,,,,,,,,,,,,,,,,,,,,,,,,,,,,,,,,,,,,,,,,,,,,,,,,,,,,,,,,,,,,,,,,,,,,,,,,,,,,,,,,,,,,,,,,,,,,,,,,,,,,,,,,,,,,,,,,,,,,https://gates.scene7.com/is/image/gates/mxg-features-benefits-image?$Image_Responsive_Preset$&scl=1,,,,,,,,,,,,,,,,,,,,,,,,,,,Yes
,,,,,,SL-320921C70179,,,,WDTS7024RZ,WDTS7024RZ,WDTS7024RZ Dishwasher SS - Display Only,,,,Appliance Dealers Cooperative (APPDE),Appliance Dealers Cooperative (APPDE),Appliance Dealers Cooperative (APPDE),,WDTS7024RZ,,,"Appliance Dealers Cooperative (APPDE) Appliance Dealers Cooperative (APPDE), WDT",APPLIANCE DEALERS COOPERATIVE (APPDE) WD,WDTS7024RZ Dishwasher SS - Display Only,WDTS7024RZ Dishwasher SS - Display Only,WDTS7024RZ Dishwasher SS - Display Only,WDTS7024RZ Dishwasher SS - Display Only,,,,,,,,,,,,,,,,,,,,,,,,,,WDTS7024RZ Dishwasher SS - Display Only,,,,,,,,,,,,,,,,,,,,,,,,,,,,,,,,,,,,,,,,,,,,,,,,,,,,,,,,,,,,,,,,,,,,,,,,,,,,,,,,,,,,,,,,,,,,,,,,,,,,,,,,,,,,,,,,,,,,,,,,,,,,,,,,,,,,,,,,,,,,,,,,,,,,,,,,,,,,,,,,,,,,,,,,,,"https://s3.img-b.com/image/private/t_base,c_lpad,f_auto,dpr_auto,w_1200,h_630/product/whirlpool/whirlpool-wdts7024rz-4688837.jpg",,,,,,,,,,,,,,,,,,,,,,,,,,,Yes
,,,,,,SL-2241D2E19F1E,,,,SM24408,SM24408,STRAINER  BSKT  SS  1/4IN,NORTON,Norton Abrasives,,,NORTON,NORTON,,SM24408,,,"NORTON NORTON Professional STRAINER  BSKT  SS  1/4IN, Model SM24408",NORTON STRAINER  BSKT  SS  1/4IN SM24408,STRAINER  BSKT  SS  1/4IN,STRAINER  BSKT  SS  1/4IN,STRAINER  BSKT  SS  1/4IN,STRAINER  BSKT  SS  1/4IN,,,,,,,,,,,,,,,,,,,,,,,,,,STRAINER  BSKT  SS  1/4IN,,,,,,,,,,,,,,,,,,,,,,,,,,,,,,,,,,,,,,,,,,,,,,,,,,,,,,,,,,,,,,,,,,,,,,,,,,,,,,,,,,,,,,,,,,,,,,,,,,,,,,,,,,,,,,,,,,,,,,,,,,,,,,,,,,,,,,,,,,,,,,,,,,,,,,,,,,,,,,,,,,,,,,,,,,https://shopping.c.yimg.jp/lib/tohmasenni/image24408bkxch.jpg,,,,,,,,,,,,,,,,,,,,,,,,,,,Yes
,,,,,,SL-3F89635D3D88,,,,PDD415PYYFS,PDD415PYYFS,PDD415PYYFS GE Dishwasher SS,,,,Appliance Dealers Cooperative (APPDE),Appliance Dealers Cooperative (APPDE),Appliance Dealers Cooperative (APPDE),,PDD415PYYFS,,,"Appliance Dealers Cooperative (APPDE) Appliance Dealers Cooperative (APPDE), PDD",APPLIANCE DEALERS COOPERATIVE (APPDE) PD,PDD415PYYFS GE Dishwasher SS,PDD415PYYFS GE Dishwasher SS,PDD415PYYFS GE Dishwasher SS,PDD415PYYFS GE Dishwasher SS,,,,,,,,,,,,,,,,,,,,,,,,,,PDD415PYYFS GE Dishwasher SS,,,,,,,,,,,,,,,,,,,,,,,,,,,,,,,,,,,,,,,,,,,,,,,,,,,,,,,,,,,,,,,,,,,,,,,,,,,,,,,,,,,,,,,,,,,,,,,,,,,,,,,,,,,,,,,,,,,,,,,,,,,,,,,,,,,,,,,,,,,,,,,,,,,,,,,,,,,,,,,,,,,,,,,,,,https://www.abcwarehouse.com/images/thumbs/167/1676633_profile-pdd415pyyfs.jpeg,,,,,,,,,,,,,,,,,,,,,,,,,,,Yes
,,,,,,SL-084B51FBD5F8,,,,E646931,E646931,DRILL CRDLS 20V 1/2IN BARE,,,,FLUKE CORP,FLUKE CORP,FLUKE CORP,,E646931,,,"FLUKE CORP FLUKE CORP Professional DRILL CRDLS 20V 1/2IN BARE, Model E646931",FLUKE CORP DRILL CRDLS 20V 1/2IN BARE E6,DRILL CRDLS 20V 1/2IN BARE,DRILL CRDLS 20V 1/2IN BARE,DRILL CRDLS 20V 1/2IN BARE,DRILL CRDLS 20V 1/2IN BARE,,,,,,,,,,,,,,,,,,,,,,,,,,DRILL CRDLS 20V 1/2IN BARE,,,,,,,,,,,,,,,,,,,,,,,,,,,,,,,,,,,,,,,,,,,,,,,,,,,,,,,,,,,,,,,,,,,,,,,,,,,,,,,,,,,,,,,,,,,,,,,,,,,,,,,,,,,,,,,,,,,,,,,,,,,,,,,,,,,,,,,,,,,,,,,,,,,,,,,,,,,,,,,,,,,,,,,,,,https://5.imimg.com/data5/SELLER/Default/2023/4/300980962/CL/DT/QA/10156973/fluke-instruments-all-products-1000x1000.jpg,,,,,,,,,,,,,,,,,,,,,,,,,,,Yes
,,,,,,SL-8F42BA211FDF,,,,KDTS424SBE,KDTS424SBE,KDTS424SBE Kitchen Aid Dishwasher Bk,,,,Appliance Dealers Cooperative (APPDE),Appliance Dealers Cooperative (APPDE),Appliance Dealers Cooperative (APPDE),,KDTS424SBE,,,"Appliance Dealers Cooperative (APPDE) Appliance Dealers Cooperative (APPDE), KDT",APPLIANCE DEALERS COOPERATIVE (APPDE) KD,KDTS424SBE Kitchen Aid Dishwasher Bk,KDTS424SBE Kitchen Aid Dishwasher Bk,KDTS424SBE Kitchen Aid Dishwasher Bk,KDTS424SBE Kitchen Aid Dishwasher Bk,,,,,,,,,,,,,,,,,,,,,,,,,,KDTS424SBE Kitchen Aid Dishwasher Bk,,,,,,,,,,,,,,,,,,,,,,,,,,,,,,,,,,,,,,,,,,,,,,,,,,,,,,,,,,,,,,,,,,,,,,,,,,,,,,,,,,,,,,,,,,,,,,,,,,,,,,,,,,,,,,,,,,,,,,,,,,,,,,,,,,,,,,,,,,,,,,,,,,,,,,,,,,,,,,,,,,,,,,,,,,https://assets.skulytics.io/assets/images/KDTS424SBE-105990724.webp,,,,,,,,,,,,,,,,,,,,,,,,,,,Yes
,,,,,,SL-F5DF02311696,,,,G768138,G768138,PRIMER PLASTIC PIPE PURPLE,Makita,MAKITA USA,Makita Corp,,Makita,Makita,,G768138,,,"Makita Makita Professional PRIMER PLASTIC PIPE PURPLE, Model G768138",MAKITA PRIMER PLASTIC PIPE PURPLE G76813,PRIMER PLASTIC PIPE PURPLE,PRIMER PLASTIC PIPE PURPLE,PRIMER PLASTIC PIPE PURPLE,PRIMER PLASTIC PIPE PURPLE,,,,,,,,,,,,,,,,,,,,,,,,,,PRIMER PLASTIC PIPE PURPLE,,,,,,,,,,,,,,,,,,,,,,,,,,,,,,,,,,,,,,,,,,,,,,,,,,,,,,,,,,,,,,,,,,,,,,,,,,,,,,,,,,,,,,,,,,,,,,,,,,,,,,,,,,,,,,,,,,,,,,,,,,,,,,,,,,,,,,,,,,,,,,,,,,,,,,,,,,,,,,,,,,,,,,,,,,https://whidegroup.com/wp-content/uploads/creative-photography-4-large.png,,,,,,,,,,,,,,,,,,,,,,,,,,,Yes
,,,,,,SL-B2CAF291F2B0,,,,KDTS324SPS,KDTS324SPS,KDTS324SPS Kitchen Aid Dishwasher SS,,,,Appliance Dealers Cooperative (APPDE),Appliance Dealers Cooperative (APPDE),Appliance Dealers Cooperative (APPDE),,KDTS324SPS,,,"Appliance Dealers Cooperative (APPDE) Appliance Dealers Cooperative (APPDE), KDT",APPLIANCE DEALERS COOPERATIVE (APPDE) KD,KDTS324SPS Kitchen Aid Dishwasher SS,KDTS324SPS Kitchen Aid Dishwasher SS,KDTS324SPS Kitchen Aid Dishwasher SS,KDTS324SPS Kitchen Aid Dishwasher SS,,,,,,,,,,,,,,,,,,,,,,,,,,KDTS324SPS Kitchen Aid Dishwasher SS,,,,,,,,,,,,,,,,,,,,,,,,,,,,,,,,,,,,,,,,,,,,,,,,,,,,,,,,,,,,,,,,,,,,,,,,,,,,,,,,,,,,,,,,,,,,,,,,,,,,,,,,,,,,,,,,,,,,,,,,,,,,,,,,,,,,,,,,,,,,,,,,,,,,,,,,,,,,,,,,,,,,,,,,,,"https://static.wixstatic.com/media/f10625_dbdd262a44be41bd826cf8b904a4763b~mv2.jpg/v1/fill/w_800,h_800,al_c,q_85,enc_avif,quality_auto/f10625_dbdd262a44be41bd826cf8b904a4763b~mv2.jpg",,,,,,,,,,,,,,,,,,,,,,,,,,,Yes
,,,,,,SL-531DAA52DF54,,,,3G931621,3G931621,HARNESS FULL BODY UNIV,3M Abrasives,,3M ABR DIV,,3M Abrasives,3M Abrasives,,3G931621,,,"3M Abrasives 3M Abrasives Professional HARNESS FULL BODY UNIV, Model 3G931621",3M ABRASIVES HARNESS FULL BODY UNIV 3G93,HARNESS FULL BODY UNIV,HARNESS FULL BODY UNIV,HARNESS FULL BODY UNIV,HARNESS FULL BODY UNIV,,,,,,,,,,,,,,,,,,,,,,,,,,HARNESS FULL BODY UNIV,,,,,,,,,,,,,,,,,,,,,,,,,,,,,,,,,,,,,,,,,,,,,,,,,,,,,,,,,,,,,,,,,,,,,,,,,,,,,,,,,,,,,,,,,,,,,,,,,,,,,,,,,,,,,,,,,,,,,,,,,,,,,,,,,,,,,,,,,,,,,,,,,,,,,,,,,,,,,,,,,,,,,,,,,,https://shop.r10s.jp/closer01/cabinet/item20251229/931621_1.jpg,,,,,,,,,https://www.datasheets.com/,,,,,,,,,,,,,,,,,,Yes
,,,,,,SL-40007703EDE4,,,,KDPS624SJP,KDPS624SJP,KDPS624SJP Dishwasher Juniper - Display Only,,,,Appliance Dealers Cooperative (APPDE),Appliance Dealers Cooperative (APPDE),Appliance Dealers Cooperative (APPDE),,KDPS624SJP,,,"Appliance Dealers Cooperative (APPDE) Appliance Dealers Cooperative (APPDE), KDP",APPLIANCE DEALERS COOPERATIVE (APPDE) KD,KDPS624SJP Dishwasher Juniper - Display Only,KDPS624SJP Dishwasher Juniper - Display Only,KDPS624SJP Dishwasher Juniper - Display Only,KDPS624SJP Dishwasher Juniper - Display Only,,,,,,,,,,,,,,,,,,,,,,,,,,KDPS624SJP Dishwasher Juniper - Display Only,,,,,,,,,,,,,,,,,,,,,,,,,,,,,,,,,,,,,,,,,,,,,,,,,,,,,,,,,,,,,,,,,,,,,,,,,,,,,,,,,,,,,,,,,,,,,,,,,,,,,,,,,,,,,,,,,,,,,,,,,,,,,,,,,,,,,,,,,,,,,,,,,,,,,,,,,,,,,,,,,,,,,,,,,,https://izumo.homesourcesystems.com/2/11305860_1763712867_/Image_App_2_190c428a-c6b2-11f0-be77-0ea9f21f2f33_240870KDG01-344_KDPS624SBE_Open-Propped.tif,,,,,,,,,,,,,,,,,,,,,,,,,,,Yes
,,,,,,SL-D4B41F9F9E3E,,,,ZK72163,ZK72163,Wire Brush Cup 5/16In Crs,Makita,Makita Corp,,,Makita,Makita,,ZK72163,,,"Makita Makita Professional Wire Brush Cup 5/16In Crs, Model ZK72163",MAKITA WIRE BRUSH CUP 5/16IN CRS ZK72163,Wire Brush Cup 5/16In Crs,Wire Brush Cup 5/16In Crs,Wire Brush Cup 5/16In Crs,Wire Brush Cup 5/16In Crs,,,,,,,,,,,,,,,,,,,,,,,,,,Wire Brush Cup 5/16In Crs,,,,,,,,,,,,,,,,,,,,,,,,,,,,,,,,,,,,,,,,,,,,,,,,,,,,,,,,,,,,,,,,,,,,,,,,,,,,,,,,,,,,,,,,,,,,,,,,,,,,,,,,,,,,,,,,,,,,,,,,,,,,,,,,,,,,,,,,,,,,,,,,,,,,,,,,,,,,,,,,,,,,,,,,,,https://www.thedotstore.com/wp-content/uploads/sites/1417/2023/11/image-20.jpeg,,,,,,,,,https://www.expresselectrical.co.uk/Catalogue/Terminate-Connect/DIN-Rail-and-Terminal-Blocks/Entrelec-Terminals/Entrelec-SNK-Series-PI-Spring-Terminals/Entrelec-SNK-ZK16-PV-Grey-1SNK712063R0000,,,,,,,,,,,,,,,,,,Yes
,,,,,,SL-B9D4D7737221,,,,KDTS624SBE,KDTS624SBE,KDTS624SBE Dishwasher BO Display Only,,,,Appliance Dealers Cooperative (APPDE),Appliance Dealers Cooperative (APPDE),Appliance Dealers Cooperative (APPDE),,KDTS624SBE,,,"Appliance Dealers Cooperative (APPDE) Appliance Dealers Cooperative (APPDE), KDT",APPLIANCE DEALERS COOPERATIVE (APPDE) KD,KDTS624SBE Dishwasher BO Display Only,KDTS624SBE Dishwasher BO Display Only,KDTS624SBE Dishwasher BO Display Only,KDTS624SBE Dishwasher BO Display Only,,,,,,,,,,,,,,,,,,,,,,,,,,KDTS624SBE Dishwasher BO Display Only,,,,,,,,,,,,,,,,,,,,,,,,,,,,,,,,,,,,,,,,,,,,,,,,,,,,,,,,,,,,,,,,,,,,,,,,,,,,,,,,,,,,,,,,,,,,,,,,,,,,,,,,,,,,,,,,,,,,,,,,,,,,,,,,,,,,,,,,,,,,,,,,,,,,,,,,,,,,,,,,,,,,,,,,,,https://izumo.homesourcesystems.com/2/10440816_1749020673_/Image_App_2_2ae3abf5-4112-11f0-be77-0ea9f21f2f33_240870KDG01-298_KDTS624SBE_Open.tif,,,,,,,,,,,,,,,,,,,,,,,,,,,Yes
,,,,,,SL-1E0AD7B398D3,,,,ZN-1/8-30X2,ZN-1/8-30X2,STUD THRD ROD 2-11X2FT,,KLEIN,,Klein Tools Inc,Klein Tools Inc,Klein Tools Inc,,ZN-1/8-30X2,,,"Klein Tools Inc Klein Tools Inc, STUD THRD ROD 2-11X2FT, ZN-1/8-30X2",KLEIN TOOLS INC STUD THRD ROD 2-11X2FT Z,STUD THRD ROD 2-11X2FT,STUD THRD ROD 2-11X2FT,STUD THRD ROD 2-11X2FT,STUD THRD ROD 2-11X2FT,,,,,,,,,,,,,,,,,,,,,,,,,,STUD THRD ROD 2-11X2FT,,,,,,,,,,,,,,,,,,,,,,,,,,,,,,,,,,,,,,,,,,,,,,,,,,,,,,,,,,,,,,,,,,,,,,,,,,,,,,,,,,,,,,,,,,,,,,,,,,,,,,,,,,,,,,,,,,,,,,,,,,,,,,,,,,,,,,,,,,,,,,,,,,,,,,,,,,,,,,,,,,,,,,,,,,https://data.kleintools.com/sites/all/product_assets/hires/klein/32303hd_photo_d.jpg,,,,,,,,,https://pdf.directindustry.com/pdf/klein-tools/klein-tools-catalogue/207597-1091116.html,,,,,,,,,,,,,,,,,,Yes
,,,,,,SL-A3954E7874B2,,,,D519127,D519127,D519127 Heater Kit,,,,V & V Appliance Parts Inc (VVAPP),V & V Appliance Parts Inc (VVAPP),V & V Appliance Parts Inc (VVAPP),,D519127,,,"V & V Appliance Parts Inc (VVAPP) V & V Appliance Parts Inc (VVAPP), D519127 Hea",V & V APPLIANCE PARTS INC (VVAPP) D51912,D519127 Heater Kit,D519127 Heater Kit,D519127 Heater Kit,D519127 Heater Kit,,,,,,,,,,,,,,,,,,,,,,,,,,D519127 Heater Kit,,,,,,,,,,,,,,,,,,,,,,,,,,,,,,,,,,,,,,,,,,,,,,,,,,,,,,,,,,,,,,,,,,,,,,,,,,,,,,,,,,,,,,,,,,,,,,,,,,,,,,,,,,,,,,,,,,,,,,,,,,,,,,,,,,,,,,,,,,,,,,,,,,,,,,,,,,,,,,,,,,,,,,,,,,http://www.vvapplianceparts.com/thumbnail/product/1932099/640/480,,,,,,,,,,,,,,,,,,,,,,,,,,,Yes
,,,,,,SL-74D3BD62A8EB,,,,BT13794,BT13794,sw toggle spst 20a 120/277v,THE TIMKEN COMPANY,,,Timken Co,Timken Co,Timken Co,,BT13794,,,"Timken Co Timken Co Professional sw toggle spst 20a 120/277v, Model BT13794",TIMKEN CO SW TOGGLE SPST 20A 120/277V BT,sw toggle spst 20a 120/277v,sw toggle spst 20a 120/277v,sw toggle spst 20a 120/277v,sw toggle spst 20a 120/277v,,,,,,,,,,,,,,,,,,,,,,,,,,sw toggle spst 20a 120/277v,,,,,,,,,,,,,,,,,,,,,,,,,,,,,,,,,,,,,,,,,,,,,,,,,,,,,,,,,,,,,,,,,,,,,,,,,,,,,,,,,,,,,,,,,,,,,,,,,,,,,,,,,,,,,,,,,,,,,,,,,,,,,,,,,,,,,,,,,,,,,,,,,,,,,,,,,,,,,,,,,,,,,,,,,,https://www.timken.com/wp-content/uploads/2023/12/TKR15050035-1200x800-1-scaled.jpg,,,,,,,,,https://www.timken.com/wp-content/uploads/2025/11/Timken-Tapered-Roller-Bearing-Catalog_10481.pdf,,,,,,,,,,,,,,,,,,Yes
https://appliancedepot.com/products/df7-sanitizing-white-electric-dryer-with-front-control-pet-plus-steam-over-dry-protection-technology-energy-starr-certified-5-year-warranty-df7004we,,,,,,SL-DDFC7BF20436,,,,DF7004WE,DF7004WE,DF7004WE Speed Queen Elect Dryer Wh,,,,Appliance Dealers Cooperative (APPDE),Appliance Dealers Cooperative (APPDE),Appliance Dealers Cooperative (APPDE),,DF7004WE,,,"Appliance Dealers Cooperative (APPDE) Appliance Dealers Cooperative (APPDE), DF7",APPLIANCE DEALERS COOPERATIVE (APPDE) DF,DF7004WE Speed Queen Elect Dryer Wh,DF7004WE Speed Queen Elect Dryer Wh,DF7004WE Speed Queen Elect Dryer Wh,DF7004WE Speed Queen Elect Dryer Wh,,,,,,,,,,,,,,,,,,,,,,,,,,DF7004WE Speed Queen Elect Dryer Wh,,,,,,,,,,,,,,,,,,,,,,,,,,,,,,,,,,,,,,,,,,,,,,,,,,,,,,,,,,,,,,,,,,,,,,,,,,,,,,,,,,,,,,,,,,,,,,,,,,,,,,,,,,,,,,,,,,,,,,,,,,,,,,,,,,,,,,,,,,,,,,,,,,,,,,,,,,,,,,,,,,,,,,,,,,https://www.webstaurantstore.com/images/products/large/799220/2716328.jpg,,,,,,,,,https://www.us-appliance.com/content/pdf/usa/DF7004WE_Specs.pdf,,,,,,,,,,,,,,,,,,Yes
,,,,,,SL-FA2822BC4EE8,,,,9P59308,9P59308,DISC FLAP 3/8IN 40GRIT,,,Gorilla Glue Co,,Gorilla Glue Co,Gorilla Glue Co,,9P59308,,,"Gorilla Glue Co Gorilla Glue Co, DISC FLAP 3/8IN 40GRIT, 9P59308",GORILLA GLUE CO DISC FLAP 3/8IN 40GRIT 9,DISC FLAP 3/8IN 40GRIT,DISC FLAP 3/8IN 40GRIT,DISC FLAP 3/8IN 40GRIT,DISC FLAP 3/8IN 40GRIT,,,,,,,,,,,,,,,,,,,,,,,,,,DISC FLAP 3/8IN 40GRIT,,,,,,,,,,,,,,,,,,,,,,,,,,,,,,,,,,,,,,,,,,,,,,,,,,,,,,,,,,,,,,,,,,,,,,,,,,,,,,,,,,,,,,,,,,,,,,,,,,,,,,,,,,,,,,,,,,,,,,,,,,,,,,,,,,,,,,,,,,,,,,,,,,,,,,,,,,,,,,,,,,,,,,,,,,https://whidegroup.com/wp-content/uploads/creative-photography-4-large.png,,,,,,,,,https://www.datasheets.com/,,,,,,,,,,,,,,,,,,Yes
,,,,,,SL-A5C44F084E75,,,,FT68079,FT68079,WIRE NUT RED 22-8AWG,TBD,nan,Norton Abrasives,NORTON,NORTON,NORTON,,FT68079,,,"NORTON NORTON Professional WIRE NUT RED 22-8AWG, Model FT68079",NORTON WIRE NUT RED 22-8AWG FT68079,WIRE NUT RED 22-8AWG,WIRE NUT RED 22-8AWG,WIRE NUT RED 22-8AWG,WIRE NUT RED 22-8AWG,,,,,,,,,,,,,,,,,,,,,,,,,,WIRE NUT RED 22-8AWG,,,,,,,,,,,,,,,,,,,,,,,,,,,,,,,,,,,,,,,,,,,,,,,,,,,,,,,,,,,,,,,,,,,,,,,,,,,,,,,,,,,,,,,,,,,,,,,,,,,,,,,,,,,,,,,,,,,,,,,,,,,,,,,,,,,,,,,,,,,,,,,,,,,,,,,,,,,,,,,,,,,,,,,,,,https://www.manufacturingtodayindia.com/cloud/2023/01/27/abrasives1.jpg,,,,,,,,,,,,,,,,,,,,,,,,,,,Yes
https://appliancedepot.com/products/dr7-sanitizing-electric-dryer-with-pet-plus-steam-over-dry-protection-technology-energy-starr-certified-7-year-warranty-dr7004be?variant=49828233609537,,,,,,SL-4123821C226A,,,,DR7004BE,DR7004BE,DR7004BE SQ Elect Dryer Bk,,,,Appliance Dealers Cooperative (APPDE),Appliance Dealers Cooperative (APPDE),Appliance Dealers Cooperative (APPDE),,DR7004BE,,,"Appliance Dealers Cooperative (APPDE) Appliance Dealers Cooperative (APPDE), DR7",APPLIANCE DEALERS COOPERATIVE (APPDE) DR,DR7004BE SQ Elect Dryer Bk,DR7004BE SQ Elect Dryer Bk,DR7004BE SQ Elect Dryer Bk,DR7004BE SQ Elect Dryer Bk,,,,,,,,,,,,,,,,,,,,,,,,,,DR7004BE SQ Elect Dryer Bk,,,,,,,,,,,,,,,,,,,,,,,,,,,,,,,,,,,,,,,,,,,,,,,,,,,,,,,,,,,,,,,,,,,,,,,,,,,,,,,,,,,,,,,,,,,,,,,,,,,,,,,,,,,,,,,,,,,,,,,,,,,,,,,,,,,,,,,,,,,,,,,,,,,,,,,,,,,,,,,,,,,,,,,,,,https://theappliancecarecompany.com/wp-content/uploads/2023/10/DR7_B_Left.jpeg,,,,,,,,,https://www.us-appliance.com/content/pdf/usa/DR7004BE_Specs.pdf,,,,,,,,,,,,,,,,,,Yes
,,,,,,SL-BAE47222C477,,,,VC38903,VC38903,DISC FLAP 5/8IN 40GRIT,nan,,NOT SPECIFIED,NITTO DENKO,NITTO DENKO,NITTO DENKO,,VC38903,,,"NITTO DENKO NITTO DENKO Professional DISC FLAP 5/8IN 40GRIT, Model VC38903",NITTO DENKO DISC FLAP 5/8IN 40GRIT VC389,DISC FLAP 5/8IN 40GRIT,DISC FLAP 5/8IN 40GRIT,DISC FLAP 5/8IN 40GRIT,DISC FLAP 5/8IN 40GRIT,,,,,,,,,,,,,,,,,,,,,,,,,,DISC FLAP 5/8IN 40GRIT,,,,,,,,,,,,,,,,,,,,,,,,,,,,,,,,,,,,,,,,,,,,,,,,,,,,,,,,,,,,,,,,,,,,,,,,,,,,,,,,,,,,,,,,,,,,,,,,,,,,,,,,,,,,,,,,,,,,,,,,,,,,,,,,,,,,,,,,,,,,,,,,,,,,,,,,,,,,,,,,,,,,,,,,,,https://nittodenko.vn/wp-content/uploads/2021/04/Picture3-460x700.png,,,,,,,,,https://pdf.directindustry.com/pdf/nitto-120993.html,,,,,,,,,,,,,,,,,,Yes
,,,,,,SL-A7BE3CAF8BAB,,,,0Q624563,0Q624563,GLASSES SAFETY CLR ANTI-FOG,,IRWIN TOOLS,,Irwin Industrial,Irwin Industrial,Irwin Industrial,,0Q624563,,,"Irwin Industrial Irwin Industrial, GLASSES SAFETY CLR ANTI-FOG, 0Q624563",IRWIN INDUSTRIAL GLASSES SAFETY CLR ANTI,GLASSES SAFETY CLR ANTI-FOG,GLASSES SAFETY CLR ANTI-FOG,GLASSES SAFETY CLR ANTI-FOG,GLASSES SAFETY CLR ANTI-FOG,,,,,,,,,,,,,,,,,,,,,,,,,,GLASSES SAFETY CLR ANTI-FOG,,,,,,,,,,,,,,,,,,,,,,,,,,,,,,,,,,,,,,,,,,,,,,,,,,,,,,,,,,,,,,,,,,,,,,,,,,,,,,,,,,,,,,,,,,,,,,,,,,,,,,,,,,,,,,,,,,,,,,,,,,,,,,,,,,,,,,,,,,,,,,,,,,,,,,,,,,,,,,,,,,,,,,,,,,https://www.garrisondales.co.uk/web/image/product.template/8518/image_1024?unique=fe5a660,,,,,,,,,https://device.report/irwin-industrial,,,,,,,,,,,,,,,,,,Yes
https://www.weygants.com/products/Speed-Queen/spq/dv2000we.html,,,,,,SL-215BB3BFF204,,,,DV2000WE,DV2000WE,DV2000WE SQ Elect Dryer Wh,,,,Appliance Dealers Cooperative (APPDE),Appliance Dealers Cooperative (APPDE),Appliance Dealers Cooperative (APPDE),,DV2000WE,,,"Appliance Dealers Cooperative (APPDE) Appliance Dealers Cooperative (APPDE), DV2",APPLIANCE DEALERS COOPERATIVE (APPDE) DV,DV2000WE SQ Elect Dryer Wh,DV2000WE SQ Elect Dryer Wh,DV2000WE SQ Elect Dryer Wh,DV2000WE SQ Elect Dryer Wh,,,,,,,,,,,,,,,,,,,,,,,,,,DV2000WE SQ Elect Dryer Wh,,,,,,,,,,,,,,,,,,,,,,,,,,,,,,,,,,,,,,,,,,,,,,,,,,,,,,,,,,,,,,,,,,,,,,,,,,,,,,,,,,,,,,,,,,,,,,,,,,,,,,,,,,,,,,,,,,,,,,,,,,,,,,,,,,,,,,,,,,,,,,,,,,,,,,,,,,,,,,,,,,,,,,,,,,https://cdn11.bigcommerce.com/s-ad6dymslsc/images/stencil/1920w/products/19521/72131/dv6000we-speed-queen-27-7-0-cu-ft-rear-control-light-commercial-coin-drop-electric-dryer-white-37__50029_44395__96818.1709724425.jpg?c=1,,,,,,,,,https://www.ajmadison.com/cgi-bin/ajmadison/DV2000WE.html,,,,,,,,,,,,,,,,,,Yes
,,,,,,SL-38FF4F852823,,,,1B52568,1B52568,DISC SAND HOOK-LOOP 1IN 120G,,,nan,SKF,SKF,SKF,,1B52568,,,"SKF SKF Professional DISC SAND HOOK-LOOP 1IN 120G, Model 1B52568",SKF DISC SAND HOOK-LOOP 1IN 120G 1B52568,DISC SAND HOOK-LOOP 1IN 120G,DISC SAND HOOK-LOOP 1IN 120G,DISC SAND HOOK-LOOP 1IN 120G,DISC SAND HOOK-LOOP 1IN 120G,,,,,,,,,,,,,,,,,,,,,,,,,,DISC SAND HOOK-LOOP 1IN 120G,,,,,,,,,,,,,,,,,,,,,,,,,,,,,,,,,,,,,,,,,,,,,,,,,,,,,,,,,,,,,,,,,,,,,,,,,,,,,,,,,,,,,,,,,,,,,,,,,,,,,,,,,,,,,,,,,,,,,,,,,,,,,,,,,,,,,,,,,,,,,,,,,,,,,,,,,,,,,,,,,,,,,,,,,,https://aoags.com/wp-content/uploads/2023/10/skf-bearings.png,,,,,,,,,https://cdn.skfmediahub.skf.com/api/public/0901d196807026e8/pdf_preview_medium/0901d196807026e8_pdf_preview_medium.pdf,,,,,,,,,,,,,,,,,,Yes
,,,,,,SL-CE41A7BF3AA2,,,,DC5004WE,DC5004WE,DC5004WE SQ Elect Dryer Wh,,,,Appliance Dealers Cooperative (APPDE),Appliance Dealers Cooperative (APPDE),Appliance Dealers Cooperative (APPDE),,DC5004WE,,,"Appliance Dealers Cooperative (APPDE) Appliance Dealers Cooperative (APPDE), DC5",APPLIANCE DEALERS COOPERATIVE (APPDE) DC,DC5004WE SQ Elect Dryer Wh,DC5004WE SQ Elect Dryer Wh,DC5004WE SQ Elect Dryer Wh,DC5004WE SQ Elect Dryer Wh,,,,,,,,,,,,,,,,,,,,,,,,,,DC5004WE SQ Elect Dryer Wh,,,,,,,,,,,,,,,,,,,,,,,,,,,,,,,,,,,,,,,,,,,,,,,,,,,,,,,,,,,,,,,,,,,,,,,,,,,,,,,,,,,,,,,,,,,,,,,,,,,,,,,,,,,,,,,,,,,,,,,,,,,,,,,,,,,,,,,,,,,,,,,,,,,,,,,,,,,,,,,,,,,,,,,,,,https://alabamaapplianceoutlet.com/cdn/shop/files/DC5004WE-2.jpg?v=1769549704&width=1946,,,,,,,,,https://www.us-appliance.com/content/pdf/usa/DC5004WE_Specs.pdf,,,,,,,,,,,,,,,,,,Yes
,,,,,,SL-3BFFE1FDE40B,,,,LE76910,LE76910,WHEEL GRIND 5/8INX1/4 A24,Fastenal Brand,FASTENAL,,,Fastenal Brand,Fastenal Brand,,LE76910,,,"Fastenal Brand Fastenal Brand, WHEEL GRIND 5/8INX1/4 A24, LE76910",FASTENAL BRAND WHEEL GRIND 5/8INX1/4 A24,WHEEL GRIND 5/8INX1/4 A24,WHEEL GRIND 5/8INX1/4 A24,WHEEL GRIND 5/8INX1/4 A24,WHEEL GRIND 5/8INX1/4 A24,,,,,,,,,,,,,,,,,,,,,,,,,,WHEEL GRIND 5/8INX1/4 A24,,,,,,,,,,,,,,,,,,,,,,,,,,,,,,,,,,,,,,,,,,,,,,,,,,,,,,,,,,,,,,,,,,,,,,,,,,,,,,,,,,,,,,,,,,,,,,,,,,,,,,,,,,,,,,,,,,,,,,,,,,,,,,,,,,,,,,,,,,,,,,,,,,,,,,,,,,,,,,,,,,,,,,,,,,https://www.kockalend.rs/files/watermark/files/images/slike_proizvoda/thumbs_w/LE76910_1_w_1200_1200px.jpg,,,,,,,,,https://www.lego.com/cdn/product-assets/product.bi.core.pdf/6409875.pdf,,,,,,,,,,,,,,,,,,Yes
,,,,,,SL-B1D184FEA37B,,,,DC5004BE,DC5004BE,DC5004BE SQ Elect Dryer Bk,,,,Appliance Dealers Cooperative (APPDE),Appliance Dealers Cooperative (APPDE),Appliance Dealers Cooperative (APPDE),,DC5004BE,,,"Appliance Dealers Cooperative (APPDE) Appliance Dealers Cooperative (APPDE), DC5",APPLIANCE DEALERS COOPERATIVE (APPDE) DC,DC5004BE SQ Elect Dryer Bk,DC5004BE SQ Elect Dryer Bk,DC5004BE SQ Elect Dryer Bk,DC5004BE SQ Elect Dryer Bk,,,,,,,,,,,,,,,,,,,,,,,,,,DC5004BE SQ Elect Dryer Bk,,,,,,,,,,,,,,,,,,,,,,,,,,,,,,,,,,,,,,,,,,,,,,,,,,,,,,,,,,,,,,,,,,,,,,,,,,,,,,,,,,,,,,,,,,,,,,,,,,,,,,,,,,,,,,,,,,,,,,,,,,,,,,,,,,,,,,,,,,,,,,,,,,,,,,,,,,,,,,,,,,,,,,,,,,https://appliancedepot.com/cdn/shop/files/DC5_B_Right-768x1024_18079cb1-69d0-4ca9-85ee-ef1de7005497.png?v=1746033774&width=768,,,,,,,,,https://manualsfile.com/product/k5017zbtkbc.html,,,,,,,,,,,,,,,,,,Yes
,,,,,,SL-8E324B26823A,,,,EM92306,EM92306,BREAKER 1P 60A 120V,Miller Elec Mfg,,,,Miller Elec Mfg,Miller Elec Mfg,,EM92306,,,"Miller Elec Mfg Miller Elec Mfg, BREAKER 1P 60A 120V, EM92306",MILLER ELEC MFG BREAKER 1P 60A 120V EM92,BREAKER 1P 60A 120V,BREAKER 1P 60A 120V,BREAKER 1P 60A 120V,BREAKER 1P 60A 120V,,,,,,,,,,,,,,,,,,,,,,,,,,BREAKER 1P 60A 120V,,,,,,,,,,,,,,,,,,,,,,,,,,,,,,,,,,,,,,,,,,,,,,,,,,,,,,,,,,,,,,,,,,,,,,,,,,,,,,,,,,,,,,,,,,,,,,,,,,,,,,,,,,,,,,,,,,,,,,,,,,,,,,,,,,,,,,,,,,,,,,,,,,,,,,,,,,,,,,,,,,,,,,,,,,https://www.lightxeditor.com/blog/wp-content/uploads/2024/10/image7-1024x576.png,,,,,,,,,https://www.gewiss.com/content/gewiss/ww/en/products/product.datasheet.1000001.1000061.GW92306.pdf,,,,,,,,,,,,,,,,,,Yes
,,,,,,SL-AD60DBDA24C1,,,,TD469038,TD469038,Earplug Foam Nrr32 Pr,FLUKE CORP,,Fluke,Fluke Corporation,Fluke Corporation,Fluke Corporation,,TD469038,,,"Fluke Corporation Fluke Corporation, Earplug Foam Nrr32 Pr, TD469038",FLUKE CORPORATION EARPLUG FOAM NRR32 PR,Earplug Foam Nrr32 Pr,Earplug Foam Nrr32 Pr,Earplug Foam Nrr32 Pr,Earplug Foam Nrr32 Pr,,,,,,,,,,,,,,,,,,,,,,,,,,Earplug Foam Nrr32 Pr,,,,,,,,,,,,,,,,,,,,,,,,,,,,,,,,,,,,,,,,,,,,,,,,,,,,,,,,,,,,,,,,,,,,,,,,,,,,,,,,,,,,,,,,,,,,,,,,,,,,,,,,,,,,,,,,,,,,,,,,,,,,,,,,,,,,,,,,,,,,,,,,,,,,,,,,,,,,,,,,,,,,,,,,,,https://5.imimg.com/data5/SELLER/Default/2023/4/300980962/CL/DT/QA/10156973/fluke-instruments-all-products-1000x1000.jpg,,,,,,,,,https://testwall.com/media/catalog/product/file/FLUKE%20TI480%20Datasheet.pdf,,,,,,,,,,,,,,,,,,Yes
https://www.lg.com/us/support/product/lg-WKE100HWA,,,,,,SL-89BE7DCB770E,,,,WKE100HWA,WKE100HWA,WKE100HWA LG Laundry Center Wh - Display,,,,Appliance Dealers Cooperative (APPDE),Appliance Dealers Cooperative (APPDE),Appliance Dealers Cooperative (APPDE),,WKE100HWA,,,"Appliance Dealers Cooperative (APPDE) Appliance Dealers Cooperative (APPDE), WKE",APPLIANCE DEALERS COOPERATIVE (APPDE) WK,WKE100HWA LG Laundry Center Wh - Display,WKE100HWA LG Laundry Center Wh - Display,WKE100HWA LG Laundry Center Wh - Display,WKE100HWA LG Laundry Center Wh - Display,,,,,,,,,,,,,,,,,,,,,,,,,,WKE100HWA LG Laundry Center Wh - Display,,,,,,,,,,,,,,,,,,,,,,,,,,,,,,,,,,,,,,,,,,,,,,,,,,,,,,,,,,,,,,,,,,,,,,,,,,,,,,,,,,,,,,,,,,,,,,,,,,,,,,,,,,,,,,,,,,,,,,,,,,,,,,,,,,,,,,,,,,,,,,,,,,,,,,,,,,,,,,,,,,,,,,,,,,https://jpitreservice.com/wp-content/uploads/2023/03/Kepler_Pro_WKE100HWA_LeftSide-scaled.jpg,,,,,,,,,https://www.lg.com/us/support/product/lg-WKE100HWA,,,,,,,,,,,,,,,,,,Yes
,,,,,,SL-367908F00D71,,,,C484928,C484928,Fuse Cart 30A 250V,GATES RUBBER CO,Gates Rubber,,,GATES RUBBER CO,GATES RUBBER CO,,C484928,,,"GATES RUBBER CO GATES RUBBER CO, Fuse Cart 30A 250V, C484928",GATES RUBBER CO FUSE CART 30A 250V C4849,Fuse Cart 30A 250V,Fuse Cart 30A 250V,Fuse Cart 30A 250V,Fuse Cart 30A 250V,,,,,,,,,,,,,,,,,,,,,,,,,,Fuse Cart 30A 250V,,,,,,,,,,,,,,,,,,,,,,,,,,,,,,,,,,,,,,,,,,,,,,,,,,,,,,,,,,,,,,,,,,,,,,,,,,,,,,,,,,,,,,,,,,,,,,,,,,,,,,,,,,,,,,,,,,,,,,,,,,,,,,,,,,,,,,,,,,,,,,,,,,,,,,,,,,,,,,,,,,,,,,,,,,https://whidegroup.com/wp-content/uploads/creative-photography-4-large.png,,,,,,,,,https://www.emerson.com/is/content/emerson/en/final-control/pressure-management/bu-content/general/fisher/documents/PRM-IOM-C483-24-C484-24-Jet-Bleed-Internal%E2%80%9E%C2%A2-Valves-Bulletin-VCBUL-14109-EN.pdf,,,,,,,,,,,,,,,,,,Yes
,,,,,,SL-B824ADD0AAA8,,,,FF7011WN,FF7011WN,FF7011WN Speed Queen Washer Wh,,,,Appliance Dealers Cooperative (APPDE),Appliance Dealers Cooperative (APPDE),Appliance Dealers Cooperative (APPDE),,FF7011WN,,,"Appliance Dealers Cooperative (APPDE) Appliance Dealers Cooperative (APPDE), FF7",APPLIANCE DEALERS COOPERATIVE (APPDE) FF,FF7011WN Speed Queen Washer Wh,FF7011WN Speed Queen Washer Wh,FF7011WN Speed Queen Washer Wh,FF7011WN Speed Queen Washer Wh,,,,,,,,,,,,,,,,,,,,,,,,,,FF7011WN Speed Queen Washer Wh,,,,,,,,,,,,,,,,,,,,,,,,,,,,,,,,,,,,,,,,,,,,,,,,,,,,,,,,,,,,,,,,,,,,,,,,,,,,,,,,,,,,,,,,,,,,,,,,,,,,,,,,,,,,,,,,,,,,,,,,,,,,,,,,,,,,,,,,,,,,,,,,,,,,,,,,,,,,,,,,,,,,,,,,,,https://assets.skulytics.io/assets/images/FF7011WN_105429638.webp,,,,,,,,,https://www.us-appliance.com/content/pdf/usa/FF7011WN_Specs.pdf,,,,,,,,,,,,,,,,,,Yes
,,,,,,SL-42ADE487AA0A,,,,99L57696,99L57696,CAPACITOR  RUN  35MFD  370V,HUBBELL INC,Hubbell,Hubbell Wiring,,HUBBELL INC,HUBBELL INC,,99L57696,,,"HUBBELL INC HUBBELL INC, CAPACITOR  RUN  35MFD  370V, 99L57696",HUBBELL INC CAPACITOR  RUN  35MFD  370V,CAPACITOR  RUN  35MFD  370V,CAPACITOR  RUN  35MFD  370V,CAPACITOR  RUN  35MFD  370V,CAPACITOR  RUN  35MFD  370V,,,,,,,,,,,,,,,,,,,,,,,,,,CAPACITOR  RUN  35MFD  370V,,,,,,,,,,,,,,,,,,,,,,,,,,,,,,,,,,,,,,,,,,,,,,,,,,,,,,,,,,,,,,,,,,,,,,,,,,,,,,,,,,,,,,,,,,,,,,,,,,,,,,,,,,,,,,,,,,,,,,,,,,,,,,,,,,,,,,,,,,,,,,,,,,,,,,,,,,,,,,,,,,,,,,,,,,https://whidegroup.com/wp-content/uploads/creative-photography-4-large.png,,,,,,,,,https://www.st.com/resource/en/datasheet/l9969s.pdf,,,,,,,,,,,,,,,,,,Yes
,,,,,,SL-4D529CF54E4D,,,,KX20682,KX20682,CABLE TIE 8IN 50LB BLK,CRAFTSMAN TOOLS,,,,CRAFTSMAN TOOLS,CRAFTSMAN TOOLS,,KX20682,,,"CRAFTSMAN TOOLS CRAFTSMAN TOOLS, CABLE TIE 8IN 50LB BLK, KX20682",CRAFTSMAN TOOLS CABLE TIE 8IN 50LB BLK K,CABLE TIE 8IN 50LB BLK,CABLE TIE 8IN 50LB BLK,CABLE TIE 8IN 50LB BLK,CABLE TIE 8IN 50LB BLK,,,,,,,,,,,,,,,,,,,,,,,,,,CABLE TIE 8IN 50LB BLK,,,,,,,,,,,,,,,,,,,,,,,,,,,,,,,,,,,,,,,,,,,,,,,,,,,,,,,,,,,,,,,,,,,,,,,,,,,,,,,,,,,,,,,,,,,,,,,,,,,,,,,,,,,,,,,,,,,,,,,,,,,,,,,,,,,,,,,,,,,,,,,,,,,,,,,,,,,,,,,,,,,,,,,,,,https://whidegroup.com/wp-content/uploads/creative-photography-4-large.png,,,,,,,,,https://www.i-pex.com/sites/default/files/downloads/pdf/2D_CABLINE-CA_II_RECEPTACLE_20682C15.pdf,,,,,,,,,,,,,,,,,,Yes
https://neuapplianceoutlet.com/products/ptd70gbptdg-gas-dryer-new-in-box,,,,,,SL-5A5754B0D1BC,,,,PTD70GBPTDG,PTD70GBPTDG,PTD70GBPTDG GE Gas Dryer DG,,,,Appliance Dealers Cooperative (APPDE),Appliance Dealers Cooperative (APPDE),Appliance Dealers Cooperative (APPDE),,PTD70GBPTDG,,,"Appliance Dealers Cooperative (APPDE) Appliance Dealers Cooperative (APPDE), PTD",APPLIANCE DEALERS COOPERATIVE (APPDE) PT,PTD70GBPTDG GE Gas Dryer DG,PTD70GBPTDG GE Gas Dryer DG,PTD70GBPTDG GE Gas Dryer DG,PTD70GBPTDG GE Gas Dryer DG,,,,,,,,,,,,,,,,,,,,,,,,,,PTD70GBPTDG GE Gas Dryer DG,,,,,,,,,,,,,,,,,,,,,,,,,,,,,,,,,,,,,,,,,,,,,,,,,,,,,,,,,,,,,,,,,,,,,,,,,,,,,,,,,,,,,,,,,,,,,,,,,,,,,,,,,,,,,,,,,,,,,,,,,,,,,,,,,,,,,,,,,,,,,,,,,,,,,,,,,,,,,,,,,,,,,,,,,,https://s3.amazonaws.com/productuploader-uploads/staging/2/Image/7987055_1648278742_Dispatcher,,,,,,,,,https://products.geappliances.com/appliance/gea-specs/PTD70GBPTDG/support,,,,,,,,,,,,,,,,,,Yes
,,,,,,SL-65A9E283A31C,,,,9F376648,9F376648,Duct Tape Foil 2Inx50Yd,Hubbell,HUBBELL INC,,,Hubbell,Hubbell,,9F376648,,,"Hubbell Hubbell Professional Duct Tape Foil 2Inx50Yd, Model 9F376648",HUBBELL DUCT TAPE FOIL 2INX50YD 9F376648,Duct Tape Foil 2Inx50Yd,Duct Tape Foil 2Inx50Yd,Duct Tape Foil 2Inx50Yd,Duct Tape Foil 2Inx50Yd,,,,,,,,,,,,,,,,,,,,,,,,,,Duct Tape Foil 2Inx50Yd,,,,,,,,,,,,,,,,,,,,,,,,,,,,,,,,,,,,,,,,,,,,,,,,,,,,,,,,,,,,,,,,,,,,,,,,,,,,,,,,,,,,,,,,,,,,,,,,,,,,,,,,,,,,,,,,,,,,,,,,,,,,,,,,,,,,,,,,,,,,,,,,,,,,,,,,,,,,,,,,,,,,,,,,,,https://whidegroup.com/wp-content/uploads/creative-photography-4-large.png,,,,,,,,,https://www.datasheets.com/,,,,,,,,,,,,,,,,,,Yes
,,,,,,SL-C80ED29FC29F,,,,9CX3147,9CX3147,SCRDRVR PHIL #2X4IN,,3H Fasteners,,3H FASTENER CO,3H FASTENER CO,3H FASTENER CO,,9CX3147,,,"3H FASTENER CO 3H FASTENER CO Professional SCRDRVR PHIL #2X4IN, Model 9CX3147",3H FASTENER CO SCRDRVR PHIL #2X4IN 9CX31,SCRDRVR PHIL #2X4IN,SCRDRVR PHIL #2X4IN,SCRDRVR PHIL #2X4IN,SCRDRVR PHIL #2X4IN,,,,,,,,,,,,,,,,,,,,,,,,,,SCRDRVR PHIL #2X4IN,,,,,,,,,,,,,,,,,,,,,,,,,,,,,,,,,,,,,,,,,,,,,,,,,,,,,,,,,,,,,,,,,,,,,,,,,,,,,,,,,,,,,,,,,,,,,,,,,,,,,,,,,,,,,,,,,,,,,,,,,,,,,,,,,,,,,,,,,,,,,,,,,,,,,,,,,,,,,,,,,,,,,,,,,,"https://bsg-i.nbxc.com/product/54/51/04/88e7c40dcff238b13fece4478a.jpg?x-oss-process=image/resize,w_500,h_500",,,,,,,,,https://pittsburghbolt.com/wp-content/uploads/Pittsburgh-Bolt-Fastener-Technical-Data.pdf,,,,,,,,,,,,,,,,,,Yes
https://www.manualshelf.com/manual/general-electric/ptd70gbstws/product-specifications-english.html,,,,,,SL-4AE623BEE2CC,,,,PTD70GBSTWS,PTD70GBSTWS,PTD70GBSTWS GE Gas Dryer Wh,,,,Appliance Dealers Cooperative (APPDE),Appliance Dealers Cooperative (APPDE),Appliance Dealers Cooperative (APPDE),,PTD70GBSTWS,,,"Appliance Dealers Cooperative (APPDE) Appliance Dealers Cooperative (APPDE), PTD",APPLIANCE DEALERS COOPERATIVE (APPDE) PT,PTD70GBSTWS GE Gas Dryer Wh,PTD70GBSTWS GE Gas Dryer Wh,PTD70GBSTWS GE Gas Dryer Wh,PTD70GBSTWS GE Gas Dryer Wh,,,,,,,,,,,,,,,,,,,,,,,,,,PTD70GBSTWS GE Gas Dryer Wh,,,,,,,,,,,,,,,,,,,,,,,,,,,,,,,,,,,,,,,,,,,,,,,,,,,,,,,,,,,,,,,,,,,,,,,,,,,,,,,,,,,,,,,,,,,,,,,,,,,,,,,,,,,,,,,,,,,,,,,,,,,,,,,,,,,,,,,,,,,,,,,,,,,,,,,,,,,,,,,,,,,,,,,,,,https://www.njsliquidators.com/cdn/shop/files/dispatcher_requesttype_image_name_cgi24052831__0658362dae8cdad7af7.69371549_531b8.webp?v=1773416929&width=1946,,,,,,,,,http://documents.designerappliances.com/Specification-Sheet-PTD70GBSTWS.pdf,,,,,,,,,,,,,,,,,,Yes
,,,,,,SL-95446DE7B5CE,,,,RV947903,RV947903,RESPIRATOR N95 DISP BX20,3M Safety,TBD,NOT SPECIFIED,3M PPE DIV,3M PPE DIV,3M PPE DIV,,RV947903,,,"3M PPE DIV 3M PPE DIV Professional RESPIRATOR N95 DISP BX20, Model RV947903",3M PPE DIV RESPIRATOR N95 DISP BX20 RV94,RESPIRATOR N95 DISP BX20,RESPIRATOR N95 DISP BX20,RESPIRATOR N95 DISP BX20,RESPIRATOR N95 DISP BX20,,,,,,,,,,,,,,,,,,,,,,,,,,RESPIRATOR N95 DISP BX20,,,,,,,,,,,,,,,,,,,,,,,,,,,,,,,,,,,,,,,,,,,,,,,,,,,,,,,,,,,,,,,,,,,,,,,,,,,,,,,,,,,,,,,,,,,,,,,,,,,,,,,,,,,,,,,,,,,,,,,,,,,,,,,,,,,,,,,,,,,,,,,,,,,,,,,,,,,,,,,,,,,,,,,,,,https://manuals.plus/m/b6807728716af35c06de4513f24bf658a872f5ed2e29a7b05d53e7ec5428e4de.png,,,,,,,,,https://technicaldatasheets.3m.com/en_US,,,,,,,,,,,,,,,,,,Yes
,,,,,,SL-F36158BE684C,,,,DR5004WG,DR5004WG,DR5004WG SQ Gas Dryer Wh,,,,Appliance Dealers Cooperative (APPDE),Appliance Dealers Cooperative (APPDE),Appliance Dealers Cooperative (APPDE),,DR5004WG,,,"Appliance Dealers Cooperative (APPDE) Appliance Dealers Cooperative (APPDE), DR5",APPLIANCE DEALERS COOPERATIVE (APPDE) DR,DR5004WG SQ Gas Dryer Wh,DR5004WG SQ Gas Dryer Wh,DR5004WG SQ Gas Dryer Wh,DR5004WG SQ Gas Dryer Wh,,,,,,,,,,,,,,,,,,,,,,,,,,DR5004WG SQ Gas Dryer Wh,,,,,,,,,,,,,,,,,,,,,,,,,,,,,,,,,,,,,,,,,,,,,,,,,,,,,,,,,,,,,,,,,,,,,,,,,,,,,,,,,,,,,,,,,,,,,,,,,,,,,,,,,,,,,,,,,,,,,,,,,,,,,,,,,,,,,,,,,,,,,,,,,,,,,,,,,,,,,,,,,,,,,,,,,,https://appliancedepot.com/cdn/shop/files/dr5_right-1-1024x1024.jpg?v=1735686099&width=1024,,,,,,,,,https://d1y6ucal9je0uy.cloudfront.net/specificationpdf/DR5004WG.pdf,,,,,,,,,,,,,,,,,,Yes
,,,,,,SL-55E88277439F,,,,JSD94040,JSD94040,contactor 40a 24v coil,Lincoln Electric,Lincoln Electric Co,LINCOLN ELEC,,Lincoln Electric,Lincoln Electric,,JSD94040,,,"Lincoln Electric Lincoln Electric, contactor 40a 24v coil, JSD94040",LINCOLN ELECTRIC CONTACTOR 40A 24V COIL,contactor 40a 24v coil,contactor 40a 24v coil,contactor 40a 24v coil,contactor 40a 24v coil,,,,,,,,,,,,,,,,,,,,,,,,,,contactor 40a 24v coil,,,,,,,,,,,,,,,,,,,,,,,,,,,,,,,,,,,,,,,,,,,,,,,,,,,,,,,,,,,,,,,,,,,,,,,,,,,,,,,,,,,,,,,,,,,,,,,,,,,,,,,,,,,,,,,,,,,,,,,,,,,,,,,,,,,,,,,,,,,,,,,,,,,,,,,,,,,,,,,,,,,,,,,,,,https://www.watt24.com/media/03/9c/a0/1694557050/30157675_1.jpg?ts=1694557050,,,,,,,,,https://www.ljtechnologies.com/wp-content/uploads/2023/04/94040-3I.pdf,,,,,,,,,,,,,,,,,,Yes
,,,,,,SL-1D0AA23BB8E8,,,,DR7004BG,DR7004BG,DR7004BG SQ Gas Dryer Bk,,,,Appliance Dealers Cooperative (APPDE),Appliance Dealers Cooperative (APPDE),Appliance Dealers Cooperative (APPDE),,DR7004BG,,,"Appliance Dealers Cooperative (APPDE) Appliance Dealers Cooperative (APPDE), DR7",APPLIANCE DEALERS COOPERATIVE (APPDE) DR,DR7004BG SQ Gas Dryer Bk,DR7004BG SQ Gas Dryer Bk,DR7004BG SQ Gas Dryer Bk,DR7004BG SQ Gas Dryer Bk,,,,,,,,,,,,,,,,,,,,,,,,,,DR7004BG SQ Gas Dryer Bk,,,,,,,,,,,,,,,,,,,,,,,,,,,,,,,,,,,,,,,,,,,,,,,,,,,,,,,,,,,,,,,,,,,,,,,,,,,,,,,,,,,,,,,,,,,,,,,,,,,,,,,,,,,,,,,,,,,,,,,,,,,,,,,,,,,,,,,,,,,,,,,,,,,,,,,,,,,,,,,,,,,,,,,,,,https://theappliancecarecompany.com/wp-content/uploads/2023/10/DF7_B_Left.jpg,,,,,,,,,,,,,,,,,,,,,,,,,,,Yes
,,,,,,SL-AE903D2BC784,,,,DR7004WG,DR7004WG,DR7004WG SQ Gas Dryer Wh,,,,Appliance Dealers Cooperative (APPDE),Appliance Dealers Cooperative (APPDE),Appliance Dealers Cooperative (APPDE),,DR7004WG,,,"Appliance Dealers Cooperative (APPDE) Appliance Dealers Cooperative (APPDE), DR7",APPLIANCE DEALERS COOPERATIVE (APPDE) DR,DR7004WG SQ Gas Dryer Wh,DR7004WG SQ Gas Dryer Wh,DR7004WG SQ Gas Dryer Wh,DR7004WG SQ Gas Dryer Wh,,,,,,,,,,,,,,,,,,,,,,,,,,DR7004WG SQ Gas Dryer Wh,,,,,,,,,,,,,,,,,,,,,,,,,,,,,,,,,,,,,,,,,,,,,,,,,,,,,,,,,,,,,,,,,,,,,,,,,,,,,,,,,,,,,,,,,,,,,,,,,,,,,,,,,,,,,,,,,,,,,,,,,,,,,,,,,,,,,,,,,,,,,,,,,,,,,,,,,,,,,,,,,,,,,,,,,,https://appliancedepot.com/cdn/shop/files/dr7_right-1024x1024_1.jpg?v=1735686108&width=1024,,,,,,,,,,,,,,,,,,,,,,,,,,,Yes
,,,,,,SL-747F7C2A32ED,,,,Q455820,Q455820,TEE COPPER 1-1/4IN SWT,,nan,De Walt,DEWALT,DEWALT,DEWALT,,Q455820,,,"DEWALT DEWALT Professional TEE COPPER 1-1/4IN SWT, Model Q455820",DEWALT TEE COPPER 1-1/4IN SWT Q455820,TEE COPPER 1-1/4IN SWT,TEE COPPER 1-1/4IN SWT,TEE COPPER 1-1/4IN SWT,TEE COPPER 1-1/4IN SWT,,,,,,,,,,,,,,,,,,,,,,,,,,TEE COPPER 1-1/4IN SWT,,,,,,,,,,,,,,,,,,,,,,,,,,,,,,,,,,,,,,,,,,,,,,,,,,,,,,,,,,,,,,,,,,,,,,,,,,,,,,,,,,,,,,,,,,,,,,,,,,,,,,,,,,,,,,,,,,,,,,,,,,,,,,,,,,,,,,,,,,,,,,,,,,,,,,,,,,,,,,,,,,,,,,,,,,https://cdn.shopify.com/s/files/1/0728/1777/files/DEWALT_Power_Tool_Catalogue_2025-1.jpg?v=1739950236,,,,,,,,,https://support.dewalt.com/hc/en-us/sections/12193740705805-Manuals,,,,,,,,,,,,,,,,,,Yes
,,,,,,SL-0A4CE7D51EE3,,,,SS-1/8-40X3,SS-1/8-40X3,bolt carr 5/16-10x4 hdg,ANSELL LTD,Ansell,,,ANSELL LTD,ANSELL LTD,,SS-1/8-40X3,,,"ANSELL LTD ANSELL LTD Professional bolt carr 5/16-10x4 hdg, Model SS-1/8-40X3",ANSELL LTD BOLT CARR 5/16-10X4 HDG SS-1/,bolt carr 5/16-10x4 hdg,bolt carr 5/16-10x4 hdg,bolt carr 5/16-10x4 hdg,bolt carr 5/16-10x4 hdg,,,,,,,,,,,,,,,,,,,,,,,,,,bolt carr 5/16-10x4 hdg,,,,,,,,,,,,,,,,,,,,,,,,,,,,,,,,,,,,,,,,,,,,,,,,,,,,,,,,,,,,,,,,,,,,,,,,,,,,,,,,,,,,,,,,,,,,,,,,,,,,,,,,,,,,,,,,,,,,,,,,,,,,,,,,,,,,,,,,,,,,,,,,,,,,,,,,,,,,,,,,,,,,,,,,,,https://cdn11.bigcommerce.com/s-hlsk6yq0/images/stencil/1280x1280/products/354585/1396999/MTF188__59334.1734530923.jpg?c=2,,,,,,,,,https://www.swagelok.com/downloads/webcatalogs/en/ms-01-181.pdf,,,,,,,,,,,,,,,,,,Yes
https://manualsfile.com/product/k3vcfg3ktvu.html,,,,,,SL-5A5EFEDE25E7,,,,DV2000WG,DV2000WG,DV2000WG SQ Gas Dryer Wh,,,,Appliance Dealers Cooperative (APPDE),Appliance Dealers Cooperative (APPDE),Appliance Dealers Cooperative (APPDE),,DV2000WG,,,"Appliance Dealers Cooperative (APPDE) Appliance Dealers Cooperative (APPDE), DV2",APPLIANCE DEALERS COOPERATIVE (APPDE) DV,DV2000WG SQ Gas Dryer Wh,DV2000WG SQ Gas Dryer Wh,DV2000WG SQ Gas Dryer Wh,DV2000WG SQ Gas Dryer Wh,,,,,,,,,,,,,,,,,,,,,,,,,,DV2000WG SQ Gas Dryer Wh,,,,,,,,,,,,,,,,,,,,,,,,,,,,,,,,,,,,,,,,,,,,,,,,,,,,,,,,,,,,,,,,,,,,,,,,,,,,,,,,,,,,,,,,,,,,,,,,,,,,,,,,,,,,,,,,,,,,,,,,,,,,,,,,,,,,,,,,,,,,,,,,,,,,,,,,,,,,,,,,,,,,,,,,,,https://www.townappliance.com/cdn/shop/products/pcyxlumnavwb.png?v=1704460046&width=1946,,,,,,,,,https://www.ajmadison.com/cgi-bin/ajmadison/DV2000WG.html,,,,,,,,,,,,,,,,,,Yes
,,,,,,SL-6C3BF7CEAE60,,,,URV2996,URV2996,SCRDRVR PHIL #2X4IN,Bosch Tools,TBD,Bosch,,Bosch Tools,Bosch Tools,,URV2996,,,"Bosch Tools Bosch Tools Professional SCRDRVR PHIL #2X4IN, Model URV2996",BOSCH TOOLS SCRDRVR PHIL #2X4IN URV2996,SCRDRVR PHIL #2X4IN,SCRDRVR PHIL #2X4IN,SCRDRVR PHIL #2X4IN,SCRDRVR PHIL #2X4IN,,,,,,,,,,,,,,,,,,,,,,,,,,SCRDRVR PHIL #2X4IN,,,,,,,,,,,,,,,,,,,,,,,,,,,,,,,,,,,,,,,,,,,,,,,,,,,,,,,,,,,,,,,,,,,,,,,,,,,,,,,,,,,,,,,,,,,,,,,,,,,,,,,,,,,,,,,,,,,,,,,,,,,,,,,,,,,,,,,,,,,,,,,,,,,,,,,,,,,,,,,,,,,,,,,,,,https://avatars.mds.yandex.net/get-vertis-journal/4465444/honda-urv1.jpg_1687206590848/orig,,,,,,,,,,,,,,,,,,,,,,,,,,,Yes
,,,,,,SL-C7E024161DE3,,,,DC5004WG,DC5004WG,DC5004WG SQ Gas Dryer Wh,,,,Appliance Dealers Cooperative (APPDE),Appliance Dealers Cooperative (APPDE),Appliance Dealers Cooperative (APPDE),,DC5004WG,,,"Appliance Dealers Cooperative (APPDE) Appliance Dealers Cooperative (APPDE), DC5",APPLIANCE DEALERS COOPERATIVE (APPDE) DC,DC5004WG SQ Gas Dryer Wh,DC5004WG SQ Gas Dryer Wh,DC5004WG SQ Gas Dryer Wh,DC5004WG SQ Gas Dryer Wh,,,,,,,,,,,,,,,,,,,,,,,,,,DC5004WG SQ Gas Dryer Wh,,,,,,,,,,,,,,,,,,,,,,,,,,,,,,,,,,,,,,,,,,,,,,,,,,,,,,,,,,,,,,,,,,,,,,,,,,,,,,,,,,,,,,,,,,,,,,,,,,,,,,,,,,,,,,,,,,,,,,,,,,,,,,,,,,,,,,,,,,,,,,,,,,,,,,,,,,,,,,,,,,,,,,,,,,https://appliancedepot.com/cdn/shop/files/DC5_W_Right-768x1024.png?v=1746033278&width=768,,,,,,,,,,,,,,,,,,,,,,,,,,,Yes
,,,,,,SL-AD4B935B8FB2,,,,2M97080,2M97080,TEE COPPER 1IN SWT,NORTON,Norton Saint-Gobain,,,NORTON,NORTON,,2M97080,,,"NORTON NORTON Professional TEE COPPER 1IN SWT, Model 2M97080",NORTON TEE COPPER 1IN SWT 2M97080,TEE COPPER 1IN SWT,TEE COPPER 1IN SWT,TEE COPPER 1IN SWT,TEE COPPER 1IN SWT,,,,,,,,,,,,,,,,,,,,,,,,,,TEE COPPER 1IN SWT,,,,,,,,,,,,,,,,,,,,,,,,,,,,,,,,,,,,,,,,,,,,,,,,,,,,,,,,,,,,,,,,,,,,,,,,,,,,,,,,,,,,,,,,,,,,,,,,,,,,,,,,,,,,,,,,,,,,,,,,,,,,,,,,,,,,,,,,,,,,,,,,,,,,,,,,,,,,,,,,,,,,,,,,,,https://www.fispaargentina.com.ar/productos/c/97080.jpg,,,,,,,,,,,,,,,,,,,,,,,,,,,Yes
,,,,,,SL-546676498832,,,,DC5004BG,DC5004BG,DC5004BG SQ Gas Dryer Bk,,,,Appliance Dealers Cooperative (APPDE),Appliance Dealers Cooperative (APPDE),Appliance Dealers Cooperative (APPDE),,DC5004BG,,,"Appliance Dealers Cooperative (APPDE) Appliance Dealers Cooperative (APPDE), DC5",APPLIANCE DEALERS COOPERATIVE (APPDE) DC,DC5004BG SQ Gas Dryer Bk,DC5004BG SQ Gas Dryer Bk,DC5004BG SQ Gas Dryer Bk,DC5004BG SQ Gas Dryer Bk,,,,,,,,,,,,,,,,,,,,,,,,,,DC5004BG SQ Gas Dryer Bk,,,,,,,,,,,,,,,,,,,,,,,,,,,,,,,,,,,,,,,,,,,,,,,,,,,,,,,,,,,,,,,,,,,,,,,,,,,,,,,,,,,,,,,,,,,,,,,,,,,,,,,,,,,,,,,,,,,,,,,,,,,,,,,,,,,,,,,,,,,,,,,,,,,,,,,,,,,,,,,,,,,,,,,,,,https://assets.skulytics.io/assets/images/DC5004BG_105429614.webp,,,,,,,,,,,,,,,,,,,,,,,,,,,Yes
,,,,,,SL-8860AF1CBE53,,,,GR8-1/8-10X2,GR8-1/8-10X2,SCR  SELF-TAP  HEX  WSHR  HD  1-1/4X4,Grainger Industrial Supply,Grainger,,W.W. GRAINGER,W.W. GRAINGER,W.W. GRAINGER,,GR8-1/8-10X2,,,"W.W. GRAINGER W.W. GRAINGER, SCR  SELF-TAP  HEX  WSHR  HD  1-1/4X4, GR8-1/8-10X2",W.W. GRAINGER SCR  SELF-TAP  HEX  WSHR,SCR  SELF-TAP  HEX  WSHR  HD  1-1/4X4,SCR  SELF-TAP  HEX  WSHR  HD  1-1/4X4,SCR  SELF-TAP  HEX  WSHR  HD  1-1/4X4,SCR  SELF-TAP  HEX  WSHR  HD  1-1/4X4,,,,,,,,,,,,,,,,,,,,,,,,,,SCR  SELF-TAP  HEX  WSHR  HD  1-1/4X4,,,,,,,,,,,,,,,,,,,,,,,,,,,,,,,,,,,,,,,,,,,,,,,,,,,,,,,,,,,,,,,,,,,,,,,,,,,,,,,,,,,,,,,,,,,,,,,,,,,,,,,,,,,,,,,,,,,,,,,,,,,,,,,,,,,,,,,,,,,,,,,,,,,,,,,,,,,,,,,,,,,,,,,,,,https://static.grainger.com/rp/s/is/image/Grainger/1CFD4_AS01?$mdmain$,,,,,,,,,,,,,,,,,,,,,,,,,,,Yes
,,,,,,SL-579A3E9B2885,,,,PTW705BSTWS,PTW705BSTWS,PTW705BSTWS GE Washer Wh,,,,Appliance Dealers Cooperative (APPDE),Appliance Dealers Cooperative (APPDE),Appliance Dealers Cooperative (APPDE),,PTW705BSTWS,,,"Appliance Dealers Cooperative (APPDE) Appliance Dealers Cooperative (APPDE), PTW",APPLIANCE DEALERS COOPERATIVE (APPDE) PT,PTW705BSTWS GE Washer Wh,PTW705BSTWS GE Washer Wh,PTW705BSTWS GE Washer Wh,PTW705BSTWS GE Washer Wh,,,,,,,,,,,,,,,,,,,,,,,,,,PTW705BSTWS GE Washer Wh,,,,,,,,,,,,,,,,,,,,,,,,,,,,,,,,,,,,,,,,,,,,,,,,,,,,,,,,,,,,,,,,,,,,,,,,,,,,,,,,,,,,,,,,,,,,,,,,,,,,,,,,,,,,,,,,,,,,,,,,,,,,,,,,,,,,,,,,,,,,,,,,,,,,,,,,,,,,,,,,,,,,,,,,,,https://s3.amazonaws.com/productuploader-uploads/staging/2/Image/8987903_1710144535_d397933e6ef592b61f187206d875b8dd4e12cf63,,,,,,,,,,,,,,,,,,,,,,,,,,,Yes
,,,,,,SL-3A651ACE0AF0,,,,E514847,E514847,trap adapter pvc 6in,nan,SQUARE-D,Square D by Schneider,,nan,nan,,E514847,,,"nan nan Professional trap adapter pvc 6in, Model E514847",NAN TRAP ADAPTER PVC 6IN E514847,trap adapter pvc 6in,trap adapter pvc 6in,trap adapter pvc 6in,trap adapter pvc 6in,,,,,,,,,,,,,,,,,,,,,,,,,,trap adapter pvc 6in,,,,,,,,,,,,,,,,,,,,,,,,,,,,,,,,,,,,,,,,,,,,,,,,,,,,,,,,,,,,,,,,,,,,,,,,,,,,,,,,,,,,,,,,,,,,,,,,,,,,,,,,,,,,,,,,,,,,,,,,,,,,,,,,,,,,,,,,,,,,,,,,,,,,,,,,,,,,,,,,,,,,,,,,,,https://contentassets.autozone.com/product_image/USA/2412/CFHH/14847/14847-01.jpg,,,,,,,,,,,,,,,,,,,,,,,,,,,Yes
,,,,,,SL-028501AB0FE3,,,,MVWP586GW,MVWP586GW,MVWP586GW Washer Wh - Display,,,,Appliance Dealers Cooperative (APPDE),Appliance Dealers Cooperative (APPDE),Appliance Dealers Cooperative (APPDE),,MVWP586GW,,,"Appliance Dealers Cooperative (APPDE) Appliance Dealers Cooperative (APPDE), MVW",APPLIANCE DEALERS COOPERATIVE (APPDE) MV,MVWP586GW Washer Wh - Display,MVWP586GW Washer Wh - Display,MVWP586GW Washer Wh - Display,MVWP586GW Washer Wh - Display,,,,,,,,,,,,,,,,,,,,,,,,,,MVWP586GW Washer Wh - Display,,,,,,,,,,,,,,,,,,,,,,,,,,,,,,,,,,,,,,,,,,,,,,,,,,,,,,,,,,,,,,,,,,,,,,,,,,,,,,,,,,,,,,,,,,,,,,,,,,,,,,,,,,,,,,,,,,,,,,,,,,,,,,,,,,,,,,,,,,,,,,,,,,,,,,,,,,,,,,,,,,,,,,,,,,https://alabamaapplianceoutlet.com/cdn/shop/files/MVWP586GW_203.jpg?v=1750101504&width=1946,,,,,,,,,,,,,,,,,,,,,,,,,,,Yes
,,,,,,SL-38949C75E2A6,,,,DXT26315,DXT26315,DUCT TAPE FOIL 2INX50YD,MSA,,,,MSA,MSA,,DXT26315,,,"MSA MSA Professional DUCT TAPE FOIL 2INX50YD, Model DXT26315",MSA DUCT TAPE FOIL 2INX50YD DXT26315,DUCT TAPE FOIL 2INX50YD,DUCT TAPE FOIL 2INX50YD,DUCT TAPE FOIL 2INX50YD,DUCT TAPE FOIL 2INX50YD,,,,,,,,,,,,,,,,,,,,,,,,,,DUCT TAPE FOIL 2INX50YD,,,,,,,,,,,,,,,,,,,,,,,,,,,,,,,,,,,,,,,,,,,,,,,,,,,,,,,,,,,,,,,,,,,,,,,,,,,,,,,,,,,,,,,,,,,,,,,,,,,,,,,,,,,,,,,,,,,,,,,,,,,,,,,,,,,,,,,,,,,,,,,,,,,,,,,,,,,,,,,,,,,,,,,,,,https://clippingway.com/wp-content/uploads/2022/08/product-photography-studio-nyc.png,,,,,,,,,,,,,,,,,,,,,,,,,,,Yes
,,,,,,SL-2035F1077E89,,,,F388964,F388964,Sealant Rtv Red 3Oz,NORTH BY HONEYWELL,,,,NORTH BY HONEYWELL,NORTH BY HONEYWELL,,F388964,,,"NORTH BY HONEYWELL NORTH BY HONEYWELL, Sealant Rtv Red 3Oz, F388964",NORTH BY HONEYWELL SEALANT RTV RED 3OZ F,Sealant Rtv Red 3Oz,Sealant Rtv Red 3Oz,Sealant Rtv Red 3Oz,Sealant Rtv Red 3Oz,,,,,,,,,,,,,,,,,,,,,,,,,,Sealant Rtv Red 3Oz,,,,,,,,,,,,,,,,,,,,,,,,,,,,,,,,,,,,,,,,,,,,,,,,,,,,,,,,,,,,,,,,,,,,,,,,,,,,,,,,,,,,,,,,,,,,,,,,,,,,,,,,,,,,,,,,,,,,,,,,,,,,,,,,,,,,,,,,,,,,,,,,,,,,,,,,,,,,,,,,,,,,,,,,,,https://www.ergodyne.com/sites/default/files/product-images/8964-full-brim-safety-helmet-orange-padded-comfort.jpg,,,,,,,,,https://davco.com/wp-content/uploads/2025/10/F5388NAV_Fuel-Pro-386-388_Product-Data-Sheet_revD.pdf,,,,,,,,,,,,,,,,,,Yes
https://www.grandappliance.com/product/speed-queen-commercial-32-cu-ft-white-agitator-non-vended-top-load-electric-washer-tv2000wn-1167247,,,,,,SL-6B312EC1E0C5,,,,TV2000WN,TV2000WN,TV2000WN SQ Elect Washer,,,,Appliance Dealers Cooperative (APPDE),Appliance Dealers Cooperative (APPDE),Appliance Dealers Cooperative (APPDE),,TV2000WN,,,"Appliance Dealers Cooperative (APPDE) Appliance Dealers Cooperative (APPDE), TV2",APPLIANCE DEALERS COOPERATIVE (APPDE) TV,TV2000WN SQ Elect Washer,TV2000WN SQ Elect Washer,TV2000WN SQ Elect Washer,TV2000WN SQ Elect Washer,,,,,,,,,,,,,,,,,,,,,,,,,,TV2000WN SQ Elect Washer,,,,,,,,,,,,,,,,,,,,,,,,,,,,,,,,,,,,,,,,,,,,,,,,,,,,,,,,,,,,,,,,,,,,,,,,,,,,,,,,,,,,,,,,,,,,,,,,,,,,,,,,,,,,,,,,,,,,,,,,,,,,,,,,,,,,,,,,,,,,,,,,,,,,,,,,,,,,,,,,,,,,,,,,,,https://appliancesolutionsmn.com/wp-content/uploads/2025/05/20220714_094145-scaled-2.jpg,,,,,,,,,https://www.us-appliance.com/content/pdf/c/TV2000WN_Specs.pdf,,,,,,,,,,,,,,,,,,Yes
,,,,,,SL-9C399186BC40,,,,CY8126,CY8126,PADLOCK LAM STL 40MM,Eaton Corporation,,,Eaton,Eaton,Eaton,,CY8126,,,"Eaton Eaton Professional PADLOCK LAM STL 40MM, Model CY8126",EATON PADLOCK LAM STL 40MM CY8126,PADLOCK LAM STL 40MM,PADLOCK LAM STL 40MM,PADLOCK LAM STL 40MM,PADLOCK LAM STL 40MM,,,,,,,,,,,,,,,,,,,,,,,,,,PADLOCK LAM STL 40MM,,,,,,,,,,,,,,,,,,,,,,,,,,,,,,,,,,,,,,,,,,,,,,,,,,,,,,,,,,,,,,,,,,,,,,,,,,,,,,,,,,,,,,,,,,,,,,,,,,,,,,,,,,,,,,,,,,,,,,,,,,,,,,,,,,,,,,,,,,,,,,,,,,,,,,,,,,,,,,,,,,,,,,,,,,https://www.eaton.com/mdmfiles/PDM89939496/SG04416_L/1000x1000_300dpi,,,,,,,,,https://ecat.eaton.com/download-center?locale=en,,,,,,,,,,,,,,,,,,Yes
,,,,,,SL-050D7567B77C,,,,HX-4/16-30X2,HX-4/16-30X2,NUT HEX 3-10 SS,,3M ELEC DIV,,3M Electrical,3M Electrical,3M Electrical,,HX-4/16-30X2,,,"3M Electrical 3M Electrical Professional NUT HEX 3-10 SS, Model HX-4/16-30X2",3M ELECTRICAL NUT HEX 3-10 SS HX-4/16-30,NUT HEX 3-10 SS,NUT HEX 3-10 SS,NUT HEX 3-10 SS,NUT HEX 3-10 SS,,,,,,,,,,,,,,,,,,,,,,,,,,NUT HEX 3-10 SS,,,,,,,,,,,,,,,,,,,,,,,,,,,,,,,,,,,,,,,,,,,,,,,,,,,,,,,,,,,,,,,,,,,,,,,,,,,,,,,,,,,,,,,,,,,,,,,,,,,,,,,,,,,,,,,,,,,,,,,,,,,,,,,,,,,,,,,,,,,,,,,,,,,,,,,,,,,,,,,,,,,,,,,,,,https://pacificodistribucionessac.com/wp-content/uploads/2025/02/image-23-4-3.png,,,,,,,,,https://technicaldatasheets.3m.com/en_US,,,,,,,,,,,,,,,,,,Yes
https://sales.allsafeappliances.com/product/TC5003BN/,,,,,,SL-9988C2E253F7,,,,TC5003BN,TC5003BN,TC5003BN SQ Washer Bk,,,,Appliance Dealers Cooperative (APPDE),Appliance Dealers Cooperative (APPDE),Appliance Dealers Cooperative (APPDE),,TC5003BN,,,"Appliance Dealers Cooperative (APPDE) Appliance Dealers Cooperative (APPDE), TC5",APPLIANCE DEALERS COOPERATIVE (APPDE) TC,TC5003BN SQ Washer Bk,TC5003BN SQ Washer Bk,TC5003BN SQ Washer Bk,TC5003BN SQ Washer Bk,,,,,,,,,,,,,,,,,,,,,,,,,,TC5003BN SQ Washer Bk,,,,,,,,,,,,,,,,,,,,,,,,,,,,,,,,,,,,,,,,,,,,,,,,,,,,,,,,,,,,,,,,,,,,,,,,,,,,,,,,,,,,,,,,,,,,,,,,,,,,,,,,,,,,,,,,,,,,,,,,,,,,,,,,,,,,,,,,,,,,,,,,,,,,,,,,,,,,,,,,,,,,,,,,,,https://www.abcwarehouse.com/images/thumbs/156/1566026_speed-queen-tc5003bn.jpeg,,,,,,,,,https://www.manualslib.com/products/Alliance-Laundry-Systems-Speed-Queen-Tc5003bn-15370990.html,,,,,,,,,,,,,,,,,,Yes
,,,,,,SL-32F1DDC8D568,,,,HBM75410,HBM75410,THERMOSTAT DIGI PROG 24V,Greenlee,NOT SPECIFIED,,Greenlee Tools,Greenlee Tools,Greenlee Tools,,HBM75410,,,"Greenlee Tools Greenlee Tools, THERMOSTAT DIGI PROG 24V, HBM75410",GREENLEE TOOLS THERMOSTAT DIGI PROG 24V,THERMOSTAT DIGI PROG 24V,THERMOSTAT DIGI PROG 24V,THERMOSTAT DIGI PROG 24V,THERMOSTAT DIGI PROG 24V,,,,,,,,,,,,,,,,,,,,,,,,,,THERMOSTAT DIGI PROG 24V,,,,,,,,,,,,,,,,,,,,,,,,,,,,,,,,,,,,,,,,,,,,,,,,,,,,,,,,,,,,,,,,,,,,,,,,,,,,,,,,,,,,,,,,,,,,,,,,,,,,,,,,,,,,,,,,,,,,,,,,,,,,,,,,,,,,,,,,,,,,,,,,,,,,,,,,,,,,,,,,,,,,,,,,,,https://cdn.shopify.com/s/files/1/0120/6950/3035/files/UT10_Greenlee.jpg?v=1604956890,,,,,,,,,https://cdn.greenlee.com/Media/Default/Catalog%20Request/2025%20Utility%20Catalog%20%20Digital.pdf,,,,,,,,,,,,,,,,,,Yes
,,,,,,SL-E1EAB44E6A30,,,,TR7006WN,TR7006WN,TR7006WN Speed Queen Washer Wh,,,,Appliance Dealers Cooperative (APPDE),Appliance Dealers Cooperative (APPDE),Appliance Dealers Cooperative (APPDE),,TR7006WN,,,"Appliance Dealers Cooperative (APPDE) Appliance Dealers Cooperative (APPDE), TR7",APPLIANCE DEALERS COOPERATIVE (APPDE) TR,TR7006WN Speed Queen Washer Wh,TR7006WN Speed Queen Washer Wh,TR7006WN Speed Queen Washer Wh,TR7006WN Speed Queen Washer Wh,,,,,,,,,,,,,,,,,,,,,,,,,,TR7006WN Speed Queen Washer Wh,,,,,,,,,,,,,,,,,,,,,,,,,,,,,,,,,,,,,,,,,,,,,,,,,,,,,,,,,,,,,,,,,,,,,,,,,,,,,,,,,,,,,,,,,,,,,,,,,,,,,,,,,,,,,,,,,,,,,,,,,,,,,,,,,,,,,,,,,,,,,,,,,,,,,,,,,,,,,,,,,,,,,,,,,,https://www.abcwarehouse.com/images/thumbs/164/1648164_speed-queen-tr7006wn.jpeg,,,,,,,,,https://manualsfile.com/product/k5536qeadfk.html,,,,,,,,,,,,,,,,,,Yes
,,,,,,SL-6064E288462D,,,,4FW6692,4FW6692,BLOWER HANDHELD CRDLS 20V,DIXON,Dixon Valve,Dixon Valve & Coupling,,DIXON,DIXON,,4FW6692,,,"DIXON DIXON Professional BLOWER HANDHELD CRDLS 20V, Model 4FW6692",DIXON BLOWER HANDHELD CRDLS 20V 4FW6692,BLOWER HANDHELD CRDLS 20V,BLOWER HANDHELD CRDLS 20V,BLOWER HANDHELD CRDLS 20V,BLOWER HANDHELD CRDLS 20V,,,,,,,,,,,,,,,,,,,,,,,,,,BLOWER HANDHELD CRDLS 20V,,,,,,,,,,,,,,,,,,,,,,,,,,,,,,,,,,,,,,,,,,,,,,,,,,,,,,,,,,,,,,,,,,,,,,,,,,,,,,,,,,,,,,,,,,,,,,,,,,,,,,,,,,,,,,,,,,,,,,,,,,,,,,,,,,,,,,,,,,,,,,,,,,,,,,,,,,,,,,,,,,,,,,,,,,https://www.lightxeditor.com/blog/wp-content/uploads/2024/10/image7-1024x576.png,,,,,,,,,https://www.zurn.com/tools/spec-sheet-lookup,,,,,,,,,,,,,,,,,,Yes
,,,,,,SL-BB75312A997E,,,,R713445,R713445,tape thread seal ptfe 1/2x260,TBD,Hubbell Wiring,,Hubbell,Hubbell,Hubbell,,R713445,,,"Hubbell Hubbell Professional tape thread seal ptfe 1/2x260, Model R713445",HUBBELL TAPE THREAD SEAL PTFE 1/2X260 R7,tape thread seal ptfe 1/2x260,tape thread seal ptfe 1/2x260,tape thread seal ptfe 1/2x260,tape thread seal ptfe 1/2x260,,,,,,,,,,,,,,,,,,,,,,,,,,tape thread seal ptfe 1/2x260,,,,,,,,,,,,,,,,,,,,,,,,,,,,,,,,,,,,,,,,,,,,,,,,,,,,,,,,,,,,,,,,,,,,,,,,,,,,,,,,,,,,,,,,,,,,,,,,,,,,,,,,,,,,,,,,,,,,,,,,,,,,,,,,,,,,,,,,,,,,,,,,,,,,,,,,,,,,,,,,,,,,,,,,,,https://www.enapart.co.uk/brands/hubbell/20127/img/hubbel,,,,,,,,,https://hubbellcdn.com/salesdrawings/WIRING_M13445_SALESDRAWING.pdf,,,,,,,,,,,,,,,,,,Yes
https://speedqueen.com/products/top-load-washers/tr7006bn/,,,,,,SL-08020E6B4970,,,,TR7006BN,TR7006BN,TR7006BN Speed Queen Washer Bk,,,,Appliance Dealers Cooperative (APPDE),Appliance Dealers Cooperative (APPDE),Appliance Dealers Cooperative (APPDE),,TR7006BN,,,"Appliance Dealers Cooperative (APPDE) Appliance Dealers Cooperative (APPDE), TR7",APPLIANCE DEALERS COOPERATIVE (APPDE) TR,TR7006BN Speed Queen Washer Bk,TR7006BN Speed Queen Washer Bk,TR7006BN Speed Queen Washer Bk,TR7006BN Speed Queen Washer Bk,,,,,,,,,,,,,,,,,,,,,,,,,,TR7006BN Speed Queen Washer Bk,,,,,,,,,,,,,,,,,,,,,,,,,,,,,,,,,,,,,,,,,,,,,,,,,,,,,,,,,,,,,,,,,,,,,,,,,,,,,,,,,,,,,,,,,,,,,,,,,,,,,,,,,,,,,,,,,,,,,,,,,,,,,,,,,,,,,,,,,,,,,,,,,,,,,,,,,,,,,,,,,,,,,,,,,,https://appliancedepot.com/cdn/shop/files/tr7_b_right-768x1024.jpg?v=1735689535&width=768,,,,,,,,,https://static.pcrichard.com/docs/TR7006BN_Specifications-Sheet_01.pdf,,,,,,,,,,,,,,,,,,Yes
,,,,,,SL-379D4157550A,,,,2EJ6194,2EJ6194,ROUTER FIXED BASE 2.25HP,GATES RUBBER CO,Gates Rubber,,,GATES RUBBER CO,GATES RUBBER CO,,2EJ6194,,,"GATES RUBBER CO GATES RUBBER CO, ROUTER FIXED BASE 2.25HP, 2EJ6194",GATES RUBBER CO ROUTER FIXED BASE 2.25HP,ROUTER FIXED BASE 2.25HP,ROUTER FIXED BASE 2.25HP,ROUTER FIXED BASE 2.25HP,ROUTER FIXED BASE 2.25HP,,,,,,,,,,,,,,,,,,,,,,,,,,ROUTER FIXED BASE 2.25HP,,,,,,,,,,,,,,,,,,,,,,,,,,,,,,,,,,,,,,,,,,,,,,,,,,,,,,,,,,,,,,,,,,,,,,,,,,,,,,,,,,,,,,,,,,,,,,,,,,,,,,,,,,,,,,,,,,,,,,,,,,,,,,,,,,,,,,,,,,,,,,,,,,,,,,,,,,,,,,,,,,,,,,,,,,https://www.lightxeditor.com/blog/wp-content/uploads/2024/10/image7-1024x576.png,,,,,,,,,https://device.report/,,,,,,,,,,,,,,,,,,Yes
,,,,,,SL-7EE0F2943967,,,,LWQ55353,LWQ55353,BELT V-TYPE A38,GREENLEE TEXTRON,,NOT SPECIFIED,Greenlee Tools,Greenlee Tools,Greenlee Tools,,LWQ55353,,,"Greenlee Tools Greenlee Tools Professional BELT V-TYPE A38, Model LWQ55353",GREENLEE TOOLS BELT V-TYPE A38 LWQ55353,BELT V-TYPE A38,BELT V-TYPE A38,BELT V-TYPE A38,BELT V-TYPE A38,,,,,,,,,,,,,,,,,,,,,,,,,,BELT V-TYPE A38,,,,,,,,,,,,,,,,,,,,,,,,,,,,,,,,,,,,,,,,,,,,,,,,,,,,,,,,,,,,,,,,,,,,,,,,,,,,,,,,,,,,,,,,,,,,,,,,,,,,,,,,,,,,,,,,,,,,,,,,,,,,,,,,,,,,,,,,,,,,,,,,,,,,,,,,,,,,,,,,,,,,,,,,,,http://hausoftools.com/cdn/shop/files/UT-D3HS22_CAT2.jpg?v=1687803044,,,,,,,,,https://www.manualslib.com/brand/greenlee/,,,,,,,,,,,,,,,,,,Yes
https://speedqueen.com/products/top-load-washers/tr5006wn/,,,,,,SL-FB38772D9BD5,,,,TR5006WN,TR5006WN,TR5006WN Speed Queen Washer Wh,,,,Appliance Dealers Cooperative (APPDE),Appliance Dealers Cooperative (APPDE),Appliance Dealers Cooperative (APPDE),,TR5006WN,,,"Appliance Dealers Cooperative (APPDE) Appliance Dealers Cooperative (APPDE), TR5",APPLIANCE DEALERS COOPERATIVE (APPDE) TR,TR5006WN Speed Queen Washer Wh,TR5006WN Speed Queen Washer Wh,TR5006WN Speed Queen Washer Wh,TR5006WN Speed Queen Washer Wh,,,,,,,,,,,,,,,,,,,,,,,,,,TR5006WN Speed Queen Washer Wh,,,,,,,,,,,,,,,,,,,,,,,,,,,,,,,,,,,,,,,,,,,,,,,,,,,,,,,,,,,,,,,,,,,,,,,,,,,,,,,,,,,,,,,,,,,,,,,,,,,,,,,,,,,,,,,,,,,,,,,,,,,,,,,,,,,,,,,,,,,,,,,,,,,,,,,,,,,,,,,,,,,,,,,,,,https://cdn.shopify.com/s/files/1/0740/2287/9488/files/TR5006WN_p172326_165328.jpg?v=1755794681,,,,,,,,,https://static.pcrichard.com/docs/TR5006WN_Specifications-Sheet_01.pdf,,,,,,,,,,,,,,,,,,Yes
,,,,,,SL-4D8BD449BF91,,,,KLX83874,KLX83874,FILTER  AIR  PLEATED  2IN  MERV8,Milwaukee Electric Tool,Milwaukee Tool Corp,Milwaukee,,Milwaukee Electric Tool,Milwaukee Electric Tool,,KLX83874,,,"Milwaukee Electric Tool Milwaukee Electric Tool, FILTER  AIR  PLEATED  2IN  MERV",MILWAUKEE ELECTRIC TOOL FILTER  AIR  PLE,FILTER  AIR  PLEATED  2IN  MERV8,FILTER  AIR  PLEATED  2IN  MERV8,FILTER  AIR  PLEATED  2IN  MERV8,FILTER  AIR  PLEATED  2IN  MERV8,,,,,,,,,,,,,,,,,,,,,,,,,,FILTER  AIR  PLEATED  2IN  MERV8,,,,,,,,,,,,,,,,,,,,,,,,,,,,,,,,,,,,,,,,,,,,,,,,,,,,,,,,,,,,,,,,,,,,,,,,,,,,,,,,,,,,,,,,,,,,,,,,,,,,,,,,,,,,,,,,,,,,,,,,,,,,,,,,,,,,,,,,,,,,,,,,,,,,,,,,,,,,,,,,,,,,,,,,,,https://d2v5dzhdg4zhx3.cloudfront.net/web-assets/images/storypages/primary/ProductShowcasesampleimages/JPEG/Product+Showcase-1.jpg,,,,,,,,,https://www.kawasaki-la.com/en-la/products/ProductSpecSheetPDF/2026-klx150,,,,,,,,,,,,,,,,,,Yes
,,,,,,SL-83B7DC09E05A,,,,1V519564,1V519564,thermostat digi prog 24v,3M ABR DIV,3M Abrasives,,,3M ABR DIV,3M ABR DIV,,1V519564,,,"3M ABR DIV 3M ABR DIV Professional thermostat digi prog 24v, Model 1V519564",3M ABR DIV THERMOSTAT DIGI PROG 24V 1V51,thermostat digi prog 24v,thermostat digi prog 24v,thermostat digi prog 24v,thermostat digi prog 24v,,,,,,,,,,,,,,,,,,,,,,,,,,thermostat digi prog 24v,,,,,,,,,,,,,,,,,,,,,,,,,,,,,,,,,,,,,,,,,,,,,,,,,,,,,,,,,,,,,,,,,,,,,,,,,,,,,,,,,,,,,,,,,,,,,,,,,,,,,,,,,,,,,,,,,,,,,,,,,,,,,,,,,,,,,,,,,,,,,,,,,,,,,,,,,,,,,,,,,,,,,,,,,,https://mall.iopenmall.tw/website/uploads_product/website_45595/P4559508417532_3_75033536.jpeg?hash=54568,,,,,,,,,https://device.report/,,,,,,,,,,,,,,,,,,Yes
https://www.digikey.ca/en/products/detail/wera-tools-na-inc/5134545001/28514242,,,,,,SL-6C5B24F5689B,,,,5134545001,5134545001,9516 Kneeling Pad& Bttl Opener,,,,Wera Tools NA Inc (WERTO),Wera Tools NA Inc (WERTO),Wera Tools NA Inc (WERTO),,5134545001,,,"Wera Tools NA Inc (WERTO) Wera Tools NA Inc (WERTO), 9516 Kneeling Pad& Bttl Ope",WERA TOOLS NA INC (WERTO) 9516 KNEELING,9516 Kneeling Pad& Bttl Opener,9516 Kneeling Pad& Bttl Opener,9516 Kneeling Pad& Bttl Opener,9516 Kneeling Pad& Bttl Opener,,,,,,,,,,,,,,,,,,,,,,,,,,9516 Kneeling Pad& Bttl Opener,,,,,,,,,,,,,,,,,,,,,,,,,,,,,,,,,,,,,,,,,,,,,,,,,,,,,,,,,,,,,,,,,,,,,,,,,,,,,,,,,,,,,,,,,,,,,,,,,,,,,,,,,,,,,,,,,,,,,,,,,,,,,,,,,,,,,,,,,,,,,,,,,,,,,,,,,,,,,,,,,,,,,,,,,,https://www.wera.de/prodimg/600x600/tool-check_modular_set_1.webp,,,,,,,,,https://www.digikey.com/en/products/detail/wera-tools-na-inc/05134545001/28514242,,,,,,,,,,,,,,,,,,Yes
